526481;IWCF;BSLNQFVRBP;bsl_21615990
525343;IPWFA;BSLNQMALIN;bsl_12382174,bsl_12485017,bsl_12489938,bsl_12379823
525491;LMRBG;BSLNDZIUDV;bsl_11380117,bsl_11383364,bsl_11387240,bsl_11379391
528367;IMR;BSLNBQMGJA;bsl_34437405
528776;LJC;BSLNGQVEQS;bsl_34438223
524544;LCPTT;BSLNLZLSPV;bsl_968474,bsl_974334,bsl_978329,bsl_967442
529024;LFTS;BSLNZMLAEQ;bsl_36595803
525442;LBACM;BSLNHJGVDA;bsl_11516614,bsl_11519642,bsl_11522909,bsl_11515450
526198;LPB;BSLNUTVQKF;bsl_12649516,bsl_12652189,bsl_12656376,bsl_12648581
526031;JWOSB;BSLNFDGXUW;bsl_15673185,bsl_15677072,bsl_15682023,bsl_15671251
526426;JAVT;BSLNNRPVQT;bsl_21615879
526031;JWOSB;BSLNKBLKJF;bsl_15673185,bsl_15677072,bsl_15682023,bsl_15671251
526960;LDG;BSLNLYMMVL;bsl_22219226,bsl_22223056,bsl_22226570,bsl_22218481
526010;LHFP;BSLNYDAJEQ;bsl_15799273,bsl_15805420,bsl_15808741,bsl_15798144
526031;JWOSB;BSLNMNIXZY;bsl_15673185,bsl_15677072,bsl_15682023,bsl_15671251
526031;JWOSB;BSLNUBHINK;bsl_15673185,bsl_15677072,bsl_15682023,bsl_15671251
526974;IMCGG;BSLNGPEYTK;bsl_23232230,bsl_23333564,bsl_23337596,bsl_23231660
526738;JSDTC;BSLNVEUVKG;bsl_22725885,bsl_22731406,bsl_22734606,bsl_22724313
526974;IMCGG;BSLNMADCKJ;bsl_23232230,bsl_23333564,bsl_23337596,bsl_23231660
526031;JWOSB;BSLNZPRTHI;bsl_15673185,bsl_15677072,bsl_15682023,bsl_15671251
526031;JWOSB;BSLNUICXYN;bsl_15673185,bsl_15677072,bsl_15682023,bsl_15671251
524593;LCAEP;BSLNCGCFSR;bsl_2695858,bsl_2704302,bsl_2710940,bsl_2695072
527404;IRUGI;BSLNVZVMUI;bsl_28289630,bsl_28292239,bsl_28296162,bsl_28288206
524593;LCAEP;BSLNQAZDPV;bsl_2695858,bsl_2704302,bsl_2710940,bsl_2695072
526426;JAVT;BSLNSSBEQE;bsl_21615879
529024;LFTS;BSLNRKIBDV;bsl_36595803
529058;LPR;BSLNUBKKTE;bsl_36595856
528948;ISRPR;BSLNAVYHPQ;bsl_35804290,bsl_35807247,bsl_35810941,bsl_35803585
526960;LDG;BSLNUPFBVO;bsl_22219226,bsl_22223056,bsl_22226570,bsl_22218481
526738;JSDTC;BSLNFDJGOQ;bsl_22725885,bsl_22731406,bsl_22734606,bsl_22724313
526960;LDG;BSLNMWLUDD;bsl_22219226,bsl_22223056,bsl_22226570,bsl_22218481
525432;JECP;BSLNYCXXNK;bsl_9512781,bsl_9519199,bsl_9523433,bsl_9511920
528948;ISRPR;BSLNBFBAWM;bsl_35804290,bsl_35807247,bsl_35810941,bsl_35803585
526426;JAVT;BSLNGWESWL;bsl_21615879
527359;LERPE;BSLNKTNFXR;bsl_28433108,bsl_28437032,bsl_28442594,bsl_28431914
525844;IRD;BSLNVWHQRO;bsl_17880530,bsl_17886930,bsl_17890915,bsl_17878454
526960;LDG;BSLNNQFFTD;bsl_22219226,bsl_22223056,bsl_22226570,bsl_22218481
526738;JSDTC;BSLNYOTTVK;bsl_22725885,bsl_22731406,bsl_22734606,bsl_22724313
524593;LCAEP;BSLNYZJVUN;bsl_2695858,bsl_2704302,bsl_2710940,bsl_2695072
525082;JHEWI;BSLNEPIALP;bsl_6064354,bsl_6072816,bsl_6079666,bsl_6062375
528094;KOAU;BSLNMDLJIJ;bsl_34103688,bsl_34106736,bsl_34110673,bsl_34103046
528091;ITSOR;BSLNQTGYST;bsl_31727107,bsl_31731346,bsl_31734426,bsl_31726200
525442;LBACM;BSLNCJGYAY;bsl_11516614,bsl_11519642,bsl_11522909,bsl_11515450
526738;JSDTC;BSLNNTFWQX;bsl_22725885,bsl_22731406,bsl_22734606,bsl_22724313
525692;IOAC;BSLNBWPYKT;bsl_10895875,bsl_10901634,bsl_10906799,bsl_10894077
525844;IRD;BSLNWYIVMD;bsl_17880530,bsl_17886930,bsl_17890915,bsl_17878454
526738;JSDTC;BSLNWOKWBZ;bsl_22725885,bsl_22731406,bsl_22734606,bsl_22724313
528948;ISRPR;BSLNYGPYXD;bsl_35804290,bsl_35807247,bsl_35810941,bsl_35803585
528776;LJC;BSLNHBJNFZ;bsl_34438223
527404;IRUGI;BSLNWEBZWY;bsl_28289630,bsl_28292239,bsl_28296162,bsl_28288206
527716;ILL;BSLNNVELVC;bsl_32325092,bsl_32329329,bsl_32333588,bsl_32324206
529024;LFTS;BSLNWBBKLN;bsl_36595803
527290;KIFLP;BSLNVKJGNI;bsl_28800131,bsl_28802832,bsl_28874265,bsl_28799307
526069;IPC;BSLNYFAQOZ;bsl_17189512,bsl_17194690,bsl_17197987,bsl_17187050
524544;LCPTT;BSLNNULLIG;bsl_968474,bsl_974334,bsl_978329,bsl_967442
527965;IIW;BSLNHSVBTX;bsl_34275834,bsl_34280419,bsl_34284413,bsl_34208486
527375;JPEA;BSLNICAZNV;bsl_28801826,bsl_28871846,bsl_28875582,bsl_28801157
526960;LDG;BSLNMVBKSG;bsl_22219226,bsl_22223056,bsl_22226570,bsl_22218481
526010;LHFP;BSLNXIABAO;bsl_15799273,bsl_15805420,bsl_15808741,bsl_15798144
528091;ITSOR;BSLNXWRFYJ;bsl_31727107,bsl_31731346,bsl_31734426,bsl_31726200