35159782,STL
35240641,MNDIP
35245904,PVE
35157229,OPA
35225785,BBPR
35240229,EAY
35253463,ELR
35144025,DCBCL
35394328,IBUDT
35160028,PLPB
35245571,BLBDR
35240405,GLMDR
35156879,SJB
35394578,STP
35241935,ODI
35246842,KSDAJ
35159808,TCRR
35253427,PPCJ
35394783,VNIBE
35157518,SNJM
35159518,MLCQS
35143741,FALP
35253893,ORI
35241049,SAPA
35157455,PAES
35144405,GWBB
35252834,PKE
35242182,PFBPM
35394709,AKPED
35226908,MBLBL
35143577,EMHA
35242267,VVZMS
35253074,PCAE
35246132,SACSP
35157120,UBCHT
35159842,ISMS
35394479,CJL
35240311,CPUR
35157312,TMSMW
35246179,RID
35241398,SSHS
35225691,OMLD
35252715,CARON
35245725,PBV
35158346,HFEF
35241544,POSB
35395175,TRM
35245775,RTPD
35157349,VOWVI
35225825,RIGR
35245833,SELC
35394805,SABV
35157555,PRERM
35246190,TAD
35252850,PCGPT
35395884,RSSSP
35240685,UBCHT
35158789,CPA
35252315,CQMSO
35159519,MCITF
35246480,WRHTH
35157902,PWSR
35252237,CPPRM
35246852,SDFW
35159748,SEW
35252303,RHCC
35247105,LEGSS
35394449,MDS
35252839,CDT
35241332,PCSCU
35396058,MOT
35225686,SIMC
35246489,SABV
35253464,FCOGC
35157242,SSOC
35396351,CSCK
35225753,GMCI
35246871,PEWGW
35254195,SLG
35157828,SPRG
35225826,HAPH
35396594,PPTFS
35254274,MANVN
35157937,IRLI
35225707,JAC
35241256,INV
35394574,QROCV
35158532,KAD
35241339,HWCMC
35225784,BHXP
35252976,RLSA
35158609,CBSOS
35247123,SNO
35240970,FFUES
35226022,PWSR
35395170,HFE
35158105,OIP
35247484,BACKA
35241101,CJRAA
35247738,OFM
35255477,CRD
35158176,KTAP
35247670,WRPC
35395742,MCITF
35253792,EIF
35159914,BAA
35247488,GLS
35241301,FALP
35256946,TRM
35255481,CMDA
35158531,GSD
35246919,TEAS
35252828,SICDW
35242495,ESPTS
35394985,FOCC
35400792,RDT
35248195,PAES
35158416,MABGW
35255282,AWDLP
35401576,ACA
35241628,SILE
35395112,GLS
35255474,NDAB
35230791,RPCJS
35400065,RAEWD
35248205,DMOTP
35241347,AAT
35395257,RHCC
35255537,IAWPS
35157488,ASHDP
35232519,PREWM
35248578,OEL
35255741,DEDHS
35158354,DTH
35394768,REAM
35232607,FRM
35404527,GWBB
35242129,AGT
35248808,SNJM
35252927,MAASS
35159651,RCR
35158509,EPM
35395888,SLPSM
35246600,PANAT
35253775,UDIAL
35159929,LOWM
35241495,DEDHS
35400679,POSB
35246863,IDSS
35255274,TAPS
35394698,DWM
35242854,CEFV
35230893,PWAUE
35225666,ANMGC
35253025,PCCM
35394910,RDG
35247974,ATPW
35241933,FPS
35231339,RHCC
35226114,PJI
35395334,ECAWS
35253821,DTPEA
35400477,MJU
35241579,PTPS
35247161,JSI
35394882,CGO
35231934,PRBR
35401579,CSCK
35247206,WULMF
35158060,BCCO
35225689,RIFNC
35232216,BSAE
35400493,SNDT
35248295,HRCPJ
35396112,STBIH
35159123,ISE
35159863,VVZMS
35395069,LST
35253746,SAG
35400839,SEF
35253388,ERICD
35231715,LBSBC
35247069,WRHTH
35401343,BKS
35226862,MBLBL
35232430,ICAI
35225713,RAM
35247339,GCS
35401792,SHFDM
35254508,EOHGA
35232518,BGVG
35248042,SFFRF
35400600,CRV
35241648,RAACS
35254625,DCMP
35395733,BLBDR
35230963,BMKMW
35248215,BHR
35400920,CJRIE
35241765,KSDAJ
35255523,DCBCL
35395844,PHB
35231568,ARP
35158571,ECLA
35401714,LITB
35226007,SPA
35255659,RCR
35396432,PCSCU
35231491,TRM
35400375,RCLMG
35158377,PSBI
35241962,RMBMH
35225840,FVI
35254058,PTFV
35394989,BTB
35231982,ABS
35404048,INV
35242092,AGT
35225912,NPUTF
35254658,DRSFE
35395622,ANOFV
35247981,ERICD
35232162,VIRPQ
35159668,EAY
35241995,DPOV
35226094,APRM
35395721,OBERC
35247199,LJC
35232254,BBREA
35158665,NSP
35242346,IDSS
35226069,RPA
35255736,BBREA
35395759,ESCC
35243338,SPRG
35159177,BCW
35232796,HRSA
35226253,HFEF
35256110,BACKA
35396088,LAR
35231201,SFFRF
35247751,MRCRD
35226346,TOG
35159665,STD
35395194,PPCJ
35231604,BIOP
35400660,PTASO
35254828,IRH
35242488,WFI
35225643,UPCC
35233911,PCGPT
35254902,WBDR
35402654,CBL
35226597,RIGR
35395950,CSMLI
35248826,KTAP
35159059,TRVP
35231607,CHDAC
35253945,PPCJ
35401877,ESCC
35225734,WRREB
35247745,UMA
35242606,PDCO
35395357,LHEA
35254054,SPRV
35400486,LRRTW
35250221,AAOA
35242856,FCE
35395648,SUMC
35254773,WASFP
35159265,EMNP
35248492,ILVRU
35243075,IAWPS
35225877,OMLD
35395517,DMHA
35232138,FTD
35158466,CTM
35402046,DRRIT
35247101,TDEN
35395951,CIOI
35232259,SAG
35159597,DYCSP
35253530,EMHA
35242738,DRT
35401186,SWSCR
35248089,DVPD
35395889,HBD
35253563,STBIH
35243442,RME
35227471,ABSA
35400823,PPM
35249564,WBEIG
35254000,SISO
35232648,SPWTB
35227519,CTM
35159583,HTER
35401661,PSB
35254269,ISMS
35231791,DTEF
35227613,DMHA
35395113,CRD
35247755,TMVG
35227949,ARIR
35231335,VNIBE
35242514,CACW
35395370,AWMT
35228103,ZCSAS
35231546,MPAI
35401442,DVPD
35244223,NPUTF
35248201,KSDAJ
35395504,PEACB
35231360,DASAT
35402602,NBED
35253786,PRCLI
35395636,PACFE
35232669,HDA
35159586,PAL
35225818,ASWOR
35401532,UDIAL
35254409,SAM
35248465,QPA
35158820,BHXP
35226335,SPWTB
35401340,LFFAA
35248319,TPTWN
35254532,SNDT
35158900,DGLRA
35242911,DICPA
35395143,MXS
35401817,AEG
35232665,RCLMG
35159046,BBREA
35243321,MLCQS
35226887,ARBAR
35395307,AMYD
35247450,PMNE
35402696,IRBVR
35255188,CSCK
35243391,ASCV
35247673,CBSC
35227071,ILVRU
35396213,SFS
35401048,STWE
35254239,FAEP
35231557,CJER
35243793,RID
35247684,TMSMW
35227201,FSLLB
35401473,AEG
35257848,GHE
35232177,GACIB
35247910,TDEN
35243941,BKL
35225711,IBP
35401504,JPC
35254062,KTAP
35232260,VNIBE
35249418,ABS
35242553,MNPSN
35402400,AWMT
35226077,SNJM
35232463,MGDW
35242683,APRM
35401746,SCSLT
35255280,MRCRD
35226876,TMSMW
35232051,TMVG
35243052,GVMTT
35397142,SPRG
35243188,ZASPO
35232137,HDA
35247642,LBMED
35402467,SABV
35243531,SMST
35395146,PPC
35226843,CPA
35255514,PSCW
35231659,SSHS
35242983,UMA
35395213,IRRS
35248832,DWM
35255240,PLPTC
35233550,CPCH
35396642,SPWTB
35249018,ECLLI
35242653,PHB
35256206,RTPD
35231732,PSGAT
35396259,WSFLD
35402423,OTR
35247871,RPDWD
35242942,RPCB
35227407,CBL
35254430,BAMW
35398043,TBSCC
35242910,PWSB
35248058,ARVI
35225966,AWCDH
35254764,CVSEC
35231749,AACAC
35401818,AACAC
35243843,MMQ
35231880,AEG
35255540,RPDWD
35396055,PSB
35401740,VIRPQ
35243526,RPPL
35232236,EMSNE
35255055,ILR
35401993,IAWPS
35249118,RAM
35242813,CEFV
35226089,LMBDW
35248190,SPFST
35403781,MESCP
35255869,AAARE
35395388,DNPFF
35226397,LAM
35248480,OIP
35243083,LSDMS
35403916,ASPA
35401146,GLMDR
35255307,RPCJS
35395956,MNDIP
35248509,SLTV
35403993,ESPTS
35254711,PDNGL
35228767,FTMP
35401244,PPM
35243317,LGMB
35254903,MSS
35225903,HOTIS
35248253,EOUKB
35401450,AGLRQ
35243522,AWCDH
35226104,PSB
35255060,ACSOC
35248886,ABS
35232206,HPD
35226173,ARIR
35402404,MAASS
35255175,OMLD
35395699,SQIS
35406002,SOABI
35232283,RMIR
35401701,STC
35396533,POCM
35243557,BAMW
35232390,SDFW
35406070,WRHTH
35226612,FABS
35401816,AAF
35396590,ERDCU
35244144,ADDM
35249714,SJNMC
35228443,ERDCU
35234692,EOHGA
35405906,EMSNE
35255501,BNIS
35396083,FRM
35226619,WMUJ
35232362,RTPIT
35406074,DTES
35248736,HRHIC
35396122,RSCDN
35403252,ILVRU
35243455,SLTV
35228480,CPPRM
35232567,MGDW
35249035,EOHGA
35243595,SLCSD
35405839,ASHDP
35227265,SSHS
35397117,TCCT
35249923,CPPRM
35403824,EACBW
35244072,LORDN
35249779,WULMF
35395714,TCCT
35226195,PSB
35255403,EMTI
35406007,CER
35231859,OCSSC
35226274,VVZMS
35402901,TDEN
35407672,IOCSC
35397408,GVMTT
35231906,TBRD
35227873,FGSRI
35255021,LSGS
35408098,IRH
35232296,RDG
35255440,SELC
35226594,DWG
35405964,RDPRD
35248541,ARIR
35255549,FTMP
35244228,VHSBR
35226694,BHR
35248940,TMSMW
35255416,PFCRV
35232170,DEH
35402515,LDSA
35227075,HABPB
35255169,GARJY
35250726,EAD
35395850,SBT
35403475,AEG
35227213,TSCA
35255915,MPGGP
35248791,PPTFS
35232697,BRMB
35406947,RSCR
35226098,CBAVL
35256238,DYCSP
35249234,CACW
35232840,WRPC
35226312,CLSF
35244096,STC
35409024,RTPD
35249348,ABFR
35232010,LJC
35396427,PRBR
35244362,BKS
35406296,ORACP
35231841,IRSE
35402752,LST
35244264,AGLRQ
35396716,RPCSS
35232011,CJL
35256036,FFUES
35243818,CSMLI
35226320,EACBW
35250921,EMTI
35405078,EOHGA
35243920,CMWE
35407764,AHL
35249360,MSS
35228323,FCE
35398257,RLSA
35244031,AVLMB
35249941,HTER
35255488,MSM
35244148,MEL
35232872,WPRPA
35227199,PHB
35249490,ISSPP
35244161,ATLCD
35232950,RLSA
35226221,PLPTC
35256138,ABSA
35404357,PWAUE
35249602,HFE
35395996,UBCHT
35227025,VTAM
35233447,CECWA
35403473,GBI
35396054,EOHGA
35227173,NVS
35249742,GCS
35233780,CEP
35403841,NPSMB
35396497,TNLB
35226217,IOCSC
35244259,PREWM
35401989,MNPSN
35395845,MTSSV
35232666,CUC
35249473,ODI
35226319,FABS
35402245,UHPCW
35406667,RPCB
35256872,NBNL
35227251,UCEP
35403925,DTEF
35406745,AHL
35257394,MCNCM
35232128,SWSCR
35226794,SACSP
35402781,GACIB
35249207,CJRIE
35406941,GBS
35245440,DMBR
35232324,QDTPP
35226192,PDCO
35250936,DASAT
35402858,ANA
35407148,BHR
35257874,TDVDS
35397983,ACSC
35226766,IRH
35251524,MCL
35403061,ERLIH
35257436,TCCT
35407345,VHSBR
35395859,RCLMG
35244914,UDCVU
35232416,PSPT
35389604,ATLCD
35403339,NFS
35409704,MANVN
35250923,WSFLD
35398864,PNC
35389697,SWSCR
35232472,OBERC
35406886,ADDM
35245573,CPOE
35396177,HBD
35257481,MCM
35232880,ESARW
35246176,ECLA
35402886,SCA
35257687,ISSPP
35246338,FWLM
35226365,PLPB
35232974,RDRV
35406653,NEVAR
35403021,PBV
35244923,AWT
35258034,IOCSC
35397063,DECIC
35251180,ESARW
35403170,FDC
35257505,AWCDH
35408600,MJU
35232369,SOABI
35226683,AAHBL
35252286,HABPB
35257666,RPCSS
35407453,SPFST
35244728,ANP
35233645,NVS
35226827,AEG
35251726,WCAMB
35258063,LRGSG
35244863,FRM
35397191,AAHBL
35402777,FGSRI
35232436,OAL
35227111,PWAUE
35389558,WASFP
35245039,HABPB
35406969,MNPSN
35232326,OGCL
35250284,DPPP
35257353,EPSS
35397530,GPEM
35245080,DEDHS
35402721,CBSC
35408881,PPSRL
35227146,AEAEP
35257895,MTSS
35232478,PRBEP
35245211,MCNCM
35409190,NAPS
35389457,TAPS
35251716,ICEIB
35232841,FANGF
35245280,DRRIT
35406889,PSGAT
35396802,TPTE
35250431,RHCC
35233049,TBSCC
35396857,RHM
35407433,EIF
35258078,DJPT
35227374,CSN
35250288,TIWS
35403212,RVWB
35244517,SFS
35406779,HCSF
35227055,AWMS
35389602,CMSOR
35397219,RDRV
35403719,DJPT
35232307,LSDMS
35251005,FBRRR
35390178,ISE
35396163,AAT
35403948,SACSP
35226414,FCE
35232563,CBGO
35245126,ESMS
35396572,OAG
35226663,VWC
35250797,RAEWD
35403037,WSDS
35407969,MCITF
35396689,ECLLI
35227625,ODI
35250985,BSAE
35257453,EBER
35404578,GDP
35245223,RPPL
35395992,DTEF
35251624,AFNAM
35257542,ORI
35404970,SDFW
35232715,HDAS
35245317,EOHGA
35403268,DGLRA
35228320,SVC
35396183,INV
35250790,FTMP
35232492,MSRC
35404520,SUMC
35226648,OGCL
35244609,ISE
35408266,BCCO
35232460,FALP
35403765,CRD
35227002,BBPR
35397137,LMGCP
35251681,SPPR
35407822,CSICI
35227333,IBUDT
35389836,ONA
35252147,OAG
35403866,CHB
35228663,SACSP
35408036,CGSRI
35257546,MJU
35244705,SLCSD
35250396,SPA
35229323,API
35408435,JAC
35257680,BIOP
35397321,ANOFV
35244547,TSCA
35229952,CQMSO
35408518,RLSA
35258028,MCL
35403650,NFS
35397842,SNDT
35226677,OMTC
35245747,EAD
35407507,LRRTW
35403852,ETRC
35233107,JPPE
35258064,FADP
35227241,SDEAS
35408078,PPTFS
35251502,DRT
35233499,PANAT
35389682,UCKVL
35246303,FBRRR
35404318,NEVAR
35251646,NDMBA
35408216,FALP
35396478,PHSCB
35405772,REAM
35226792,RDPRD
35232517,SNEET
35403282,ESCC
35227232,MESCP
35389509,MCM
35245475,IBTE
35232616,IDSS
35229352,DRSFE
35407139,CBSC
35389639,LORDN
35250320,EML
35244786,WRHTH
35232774,LCCAS
35404410,DWG
35227243,ECLA
35389881,LBSBC
35407670,PREWM
35398406,DMOTP
35245056,JGFC
35403813,RHM
35250767,ECLLI
35232461,DGLRA
35245178,VESIT
35389891,AMSPS
35399382,RCLMG
35251454,SAM
35408951,CRV
35232543,VLV
35245230,NAHS
35404601,DSDM
35228442,MVGC
35251832,BHR
35407348,AWDLP
35232637,CUC
35396888,PCSCU
35251975,DTH
35407683,RRRM
35245635,BTLBJ
35398092,QBMR
35250497,ANP
35232742,RLSA
35245781,DICPA
35396433,JRDS
35258307,WFI
35251142,CBL
35232976,EAY
35389648,RAM
35408798,FCR
35397122,LMBDW
35251566,CLPFE
35244990,ANMGC
35257961,ASWOR
35408439,WULMF
35397193,IESP
35250584,MCITF
35245096,CSSM
35389484,AHL
35232835,CAGW
35403641,CMTDH
35251499,LMBDW
35245554,SRSCP
35389533,MCM
35233221,DPPP
35397852,WFI
35251162,SSV
35233740,JPWSA
35409806,DWG
35396416,RPA
35257924,SFFRF
35405076,FDC
35232636,PMNE
35409886,HCC
35396643,SEW
35251448,SILE
35258071,IASDJ
35245838,DSRN
35396777,ONA
35250633,PPM
35246056,AMSPS
35406143,BKS
35410824,HDHSM
35391295,IRH
35397562,CUC
35251092,SCPB
35404271,TMRC
35245623,TAMWR
35397040,CPBM
35252744,CBAVL
35403772,RPPU
35232885,PFP
35396724,TMAOB
35250995,PLPB
35404847,KSDAJ
35233273,TSCS
35245853,CCRP
35397663,CBSOS
35251585,HCC
35245974,RME
35407902,TGE
35257940,MBS
35397290,DMBR
35403773,IBDP
35408715,LST
35233042,MSRC
35389670,PHSCB
35397529,CPBM
35251816,TCRR
35404881,ODI
35408033,SDOHM
35246230,PIVC
35233576,KTBOS
35406773,NAHS
35252299,CRSW
35409006,AECST
35233778,AAF
35403881,FTD
35421904,HDDE
35251881,WCAMB
35409301,DWM
35398591,RED
35245677,CDT
35404819,ESPTS
35422163,ARBAR
35252198,GHE
35245973,EOHGA
35391445,LMBDW
35408816,JCHCH
35420850,CECWA
35233301,RDG
35246388,CTMFT
35257774,ICAI
35409208,FADP
35233497,IKB
35246895,FCE
35252795,RLWTA
35398957,INV
35407126,PACFE
35245227,CAGW
35251401,ARECP
35397209,RPDWD
35390534,ABSA
35421537,TBRD
35245569,NLO
35252075,FVI
35404603,MVRS
35397554,CJRIE
35245784,OBW
35420626,SLCSD
35252832,ELR
35404645,AFNAM
35245930,ANOFV
35408631,DTPEA
35397885,PMNE
35389722,MJHP
35245261,SLTV
35408694,ESARW
35398477,AAPCJ
35404321,RPFT
35390764,NBNL
35234559,SILE
35408921,OSSS
35421455,IASDJ
35404940,SSHS
35246957,IYV
35390525,CBSC
35397307,HFEF
35232886,ASTIB
35247051,CHB
35258112,LGMB
35397534,FAH
35408477,SUOCA
35420798,PBV
35390886,ILVRU
35254132,EACBW
35233146,PSDF
35397516,MCM
35408791,MOT
35258113,DPGRO
35233386,HCSF
35404713,ANMGC
35409186,OBERC
35397019,GPEM
35245415,AAF
35232934,CIOI
35407072,OBCS
35409424,DTES
35252496,AVLMB
35400030,CMPO
35233501,MNPSN
35404354,RPPL
35409787,HNEVI
35252640,RAEWD
35400332,ANOFV
35421717,VLV
35405109,RCFS
35245742,TEAS
35409626,DRT
35400437,FMVSG
35421778,VIRPQ
35246962,DMBR
35392611,PHTID
35405700,DMBR
35251750,CJESB
35245465,GFC
35397018,MNDIP
35408868,HTER
35234250,SNO
35404356,PJB
35252528,DPPP
35420793,CAB
35246395,QDTPP
35409171,TCDDP
35404448,DRRIT
35390622,ARIR
35397499,BAMW
35422047,HBD
35246548,GHPPS
35252004,FOAC
35397990,RIGR
35234330,ORACP
35421716,CSSM
35246819,SJNMC
35398407,MEL
35253492,BMKMW
35405117,HRCPJ
35389553,GSCMI
35246947,AAF
35397760,IASDJ
35253745,QPA
35234142,STBIH
35405776,PAES
35247343,NVS
35408953,GFC
35399392,SRGE
35391060,VOF
35404515,GBS
35246496,HABPB
35397319,LSGS
35408627,KTBOS
35251770,VVZMS
35404942,ARIR
35246930,OSSS
35421120,FMF
35389656,SEF
35398053,SSDWV
35233385,SRDPP
35520965,ATEM
35408795,LMBDW
35390776,QROCV
35233552,TCRR
35521668,JAC
35398316,LCCAS
35246444,PSB
35233870,AAPCJ
35391599,EIF
35421071,VOF
35246163,PRERM
35405933,DCVTC
35253854,ORACP
35421317,CRD
35246427,BTL
35398734,MGDW
35254010,SMLS
35406854,PRCLI
35422109,VHSBR
35247258,WCCG
35397561,AAHBL
35233471,PAL
35251711,SVC
35408899,LEGSS
35389459,ASWOR
35404723,AWT
35252342,IOIS
35409268,BHR
35246725,ILR
35397632,MOT
35421919,AVLMB
35247192,MECCA
35253169,KDC
35408839,EMTI
35398216,NVS
35233473,RPCB
35247964,RDFLF
35253364,LMD
35391511,MSRC
35405336,JPC
35521153,GWI
35235040,ORENA
35254536,ESCC
35248065,SLARR
35409090,RAEWD
35398307,VESIT
35234379,SOFA
35251879,RDS
35389884,EIF
35246415,AUCTS
35421817,OEL
35233613,CHST
35397901,GAFRT
35254072,OFM
35421318,LDSA
35390551,FDC
35409127,BHR
35398091,HNEVI
35251854,AAT
35422202,FCE
35389730,QBMR
35246602,TIWS
35234106,IRRS
35253030,RPPU
35398322,ARCEP
35421498,PGMNB
35406385,SCSLT
35234163,ESPTS
35253115,TBPVP
35411254,TMVG
35389569,MPGGP
35404903,LBSBC
35234445,RDPRD
35389951,EPM
35397318,QROCV
35405843,VWC
35233160,FFUES
35252486,FFUES
35422128,ACSOC
35247269,PJB
35406815,BIPBD
35233375,ELA
35252038,MTSSV
35409210,CMTDH
35520550,RPPU
35390381,SNO
35397781,SLARR
35233895,CSCK
35406921,ECLD
35252884,AECST
35247923,TRM
35390526,KISER
35421266,GWBB
35233312,GSD
35397866,LJC
35407232,MABGW
35254628,ILVRU
35246851,EACBW
35421706,WCM
35410367,SISO
35398341,CHB
35252413,NBNL
35247550,STBM
35405601,LAR
35409874,GMCI
35397310,RDT
35397606,OGCL
35247516,IQCTC
35253154,RRPM
35410360,FADP
35397723,EBER
35253180,ECRTA
35421557,PCCM
35410510,SRDPP
35246720,RTPD
35233315,IMCD
35253310,RAEWD
35398234,IBTE
35406304,CBSC
35390626,BIOP
35247119,LCCAS
35520710,FMVSG
35410550,FANGF
35397410,EAY
35253445,TPOE
35405144,TBPVP
35405292,SRDPP
35421386,PPC
35247944,OSSS
35398791,ACA
35405907,ODI
35390748,ANA
35234478,PSCW
35248596,WBDR
35397336,DPGRO
35406218,SPPR
35233557,TMSMW
35390937,TAD
35404953,LFFAA
35247665,VBBAL
35233624,AOMR
35390997,SRSCP
35405009,DLAUA
35253760,LOAS
35248580,ICEIB
35410204,MCITF
35389883,RAACS
35254051,OGCL
35405184,PLPB
35234945,GWI
35410489,MBS
35407819,DPGRO
35248910,ANOFV
35397911,ZASPO
35392079,CPCH
35409522,HODTR
35253013,SAG
35399520,ERDCU
35246827,OAL
35405621,CRD
35252389,TMVG
35391994,ICEIB
35520902,CHST
35400121,FVI
35409651,JBRFP
35407896,TDVDS
35392588,EAPC
35254178,ONA
35397764,MTIC
35421392,SLCSD
35234556,SRSCP
35409812,MECCA
35405456,HDDE
35252343,DPPP
35390599,CMWE
35398411,IESP
35234174,BIOP
35247170,POSB
35253457,ARLVN
35405886,OBCS
35392695,ISMS
35398758,IRRS
35234459,MXS
35247243,ACA
35254207,HNEVI
35405195,NVS
35233909,TMVG
35398501,GDP
35252548,TMSMW
35247627,CIOI
35406389,BMKMW
35234240,CLPFE
35398745,PEHP
35399686,BCCNS
35391050,NSP
35521504,SLPWF
35253053,OTR
35234532,MNPSN
35247744,JPWSA
35400107,CMWE
35389889,DCVTC
35410953,SDEAS
35522391,REOLV
35253133,TCDDP
35247825,BSSRM
35390132,SNJM
35400172,RPDWD
35234551,ATPW
35409703,DTMKB
35253304,APRM
35421522,OBERC
35391041,FAH
35234697,LST
35409779,AECST
35254303,LDSA
35247753,RSCR
35397875,ECSC
35421923,RMRG
35234904,IBP
35391102,SNEET
35248357,CPBM
35252797,NSP
35397965,SABV
35391375,IBP
35235505,FCR
35405629,CGSRI
35252966,BACKA
35398473,CLSF
35520908,TNLB
35406113,DTEF
35390137,JPC
35253142,TDVDS
35236301,DWG
35410202,SCFEP
35405803,CCCB
35390755,FCR
35247531,ORC
35421977,CJER
35236338,SCA
35410942,ESPTS
35398611,MDSR
35406623,LSDMS
35248033,TMVG
35255085,PPOS
35410248,TEAS
35422131,DEGJ
35406708,PRBR
35248408,WDTR
35254404,API
35391259,OAL
35421682,SFS
35398515,MPGGP
35405583,GHPPS
35410451,PAL
35253001,IMR
35405858,WRHTH
35247942,UBCHT
35398807,CJRIE
35422185,PACFE
35406830,WFI
35248600,REAM
35234811,TCCT
35397699,HCC
35411030,SAPA
35521122,UBCHT
35390010,JRDS
35407689,NAPS
35410001,HFEF
35397751,BKWBN
35421741,NLO
35247622,WBEIG
35391683,TOF
35408867,CPGC
35253153,WNE
35411381,IRH
35397892,AAHBL
35248056,CIFML
35421945,WNE
35405877,BKS
35410047,AAT
35248488,ECLA
35398090,OEL
35407597,VPB
35422193,MAASS
35247124,TRM
35410158,DCBCL
35398203,IYV
35407660,ESCC
35391986,EOHGA
35520944,EAY
35398280,ECAWS
35407115,RMIR
35390490,MSM
35235209,PIVC
35521251,VHSBR
35247594,SEW
35390787,PDCO
35407196,AFNAM
35235369,TRVP
35253638,AWDLP
35247948,TOSFR
35391403,CMWE
35405986,SPWTB
35248256,SLARR
35391670,SEW
35411357,MEL
35521058,ABFR
35406037,MRCRD
35247449,ORENA
35398793,DTH
35255510,HWCMC
35411112,EOUKB
35234296,JBRFP
35390153,BNIS
35406216,PANAT
35398985,WSDS
35253613,HBWSK
35411197,PANAT
35254011,LSGS
35411483,HTER
35234484,ARCEP
35408824,JRDS
35390790,TBPVP
35248859,SSOC
35398436,CLBPY
35520940,MNPSN
35410449,BLBDR
35407370,CSH
35390839,UDCVU
35398781,HDA
35253277,MCL
35411145,BAMW
35520802,NBNL
35233775,SDFW
35247796,ESMS
35391090,TIWS
35407478,RME
35411840,PEI
35254982,WBDR
35522373,INV
35234538,ECLA
35391176,FABS
35408156,FOCC
35410359,CDT
35234722,CIOI
35247849,RDPRD
35253326,ECSC
35522855,LCCAS
35391416,POSB
35410563,SRSCP
35399420,ZDS
35234827,ISSPP
35248069,IBTE
35393602,SUMC
35390955,OBCS
35235230,TPTWN
35408068,ERICD
35253832,CPA
35391351,CGO
35233869,HNEVI
35399374,INDP
35406116,GAFRT
35390623,GMMA
35234008,JRDS
35248102,PNC
35397844,THA
35255255,LJC
35391329,STP
35234262,RDT
35248324,PEHP
35410636,SRDPP
35235064,IMR
35390128,SECS
35248603,BAMW
35400279,PEI
35235204,WNE
35390875,EAD
35521197,GSCMI
35410811,DPOV
35255342,DECIC
35250428,SBPBM
35521452,MCNCM
35398839,NEVAR
35257007,BSAE
35410933,SPPR
35250546,ISLBO
35520855,PPC
35234032,AGH
35399084,RTPIT
35253663,DSRP
35406599,PRBEP
35248454,FABS
35411171,NDMBA
35520934,WPRPA
35234449,FOAC
35253713,EOHGA
35399421,PWAUE
35407051,AAC
35521115,LSDMS
35254047,CPGH
35248427,SJB
35391020,DPGRO
35411804,WCAMB
35398297,PTASO
35522218,PWAUE
35254360,DECIC
35235042,PCI
35520577,CMPO
35254843,CBAVL
35235144,IGCTS
35408231,CRSRS
35522195,PTPS
35255084,BHR
35410473,RDRV
35248971,HOMMH
35422116,NPSMB
35255335,AFNAM
35398170,RAEWD
35407200,FFUES
35411365,ECRTA
35248571,GFC
35390909,HCSST
35520537,AGT
35398456,BAA
35248850,ARP
35235542,RDRV
35390660,MLCQS
35411042,AKPED
35407878,FTMP
35255773,HCSST
35399430,HDAS
35520889,TDVDS
35235658,PWIT
35407762,IRSE
35253837,PCHA
35399466,PSB
35422145,UCKVL
35410663,SNJM
35392642,BCCNS
35407816,SOABI
35521130,SBRF
35234540,SRGE
35248972,RCR
35398463,ODI
35407901,POSB
35521265,NPSMB
35392858,RCBM
35249167,VTAM
35520954,ELR
35407961,NEVAR
35257642,RID
35391826,IMR
35408086,AWMT
35411533,PWSR
35258109,EAMDO
35249832,IOIS
35391309,SNEET
35407224,KDC
35234928,LAM
35254273,AAHBL
35399225,UBCHT
35248900,PDNGL
35254962,TEAS
35407739,CVSEC
35234298,SRMM
35399598,ECLA
35521317,TMVG
35249439,PPOS
35254242,JBRFP
35390726,NFS
35407796,TFAS
35521303,HWCMC
35249432,TSCA
35254475,ORENA
35413253,PHSCB
35234087,LRGSG
35392248,HPD
35522324,CMDA
35411195,BKL
35234443,CHST
35392328,AUCTS
35407645,ACSC
35248944,PSDF
35398387,ERICD
35412123,IMR
35391839,GPEM
35249294,LPF
35521264,GAFRT
35255441,VTAM
35398571,PLPTC
35412255,SRBPH
35521900,SFS
35255545,PEACB
35234638,EMNP
35392952,RTPIT
35413305,VIA
35520617,BACKA
35407132,WCM
35398936,UPCC
35393128,REAM
35411582,MOTAV
35522100,PEACB
35399597,CABYB
35391316,HODTR
35254448,TBRD
35235121,BKS
35248965,SFFRF
35254837,SJB
35412174,PRBEP
35235760,TDEN
35398811,GLMDR
35249264,NFS
35390410,CLBPY
35234347,DEH
35412577,DWM
35254358,BAA
35234501,OBW
35398743,SRMM
35521742,CGSRI
35411708,NEVAR
35398956,DTH
35234926,EOHGA
35254984,SECS
35408289,HDHSM
35249629,ORI
35399312,RPCJS
35412136,RDG
35235504,PMNE
35408458,SHAS
35400153,IQCTC
35255261,DGLRA
35412428,CLSF
35249979,WSDS
35398545,CHB
35391660,BSAE
35256669,VLV
35235840,VESIT
35398812,WMUJ
35521258,BLBDR
35407767,UMA
35235267,ABFR
35399365,RFMAM
35521529,PEWGW
35411789,SHCGR
35249855,DCCOL
35234872,VNIBE
35391388,SJNMC
35249258,SSTP
35256749,FCE
35408023,LRS
35411921,ANP
35249833,HDAS
35256824,IBDP
35408083,SABV
35522220,PRBR
35234690,FAEP
35257683,BACKA
35407881,CJRIE
35412529,AAT
35398034,TRM
35520681,DCLVI
35254691,LEGSS
35234851,PCI
35408034,CJER
35520726,AOMR
35399355,ECSC
35254934,IRSE
35412049,ARIR
35408211,MRCRD
35398391,DSDM
35234977,MNDIP
35255157,RIGR
35411041,PFP
35390947,TPTWN
35522280,POCM
35399183,ESCC
35407702,HDAS
35391164,SSLA
35235389,THC
35254743,LBSBC
35400043,VLV
35412162,MJU
35391279,LOAS
35234787,AVLMB
35520691,RPCJS
35412383,PPCJ
35255040,TCCT
35407876,JPWSA
35391657,ARP
35255824,MRSP
35235253,JPPE
35520890,LMGB
35391707,RAACS
35408142,BTB
35399427,REOLV
35255822,CECWA
35235357,PCHA
35392292,RIFNC
35254748,QROCV
35521702,LRRTW
35390778,HCC
35399334,CARON
35413136,PRCLI
35408270,UPCC
35521304,MVRS
35399991,DCLVI
35255090,KTIB
35391018,MGDW
35408436,CGSRI
35412064,BRTP
35400177,ATEM
35255430,TAD
35392491,LJC
35408565,SSDWV
35521893,DMBR
35412181,SIMC
35399249,PSGAT
35256182,BBREA
35234828,STP
35410324,FRM
35413642,CNE
35256498,DSRN
35235009,AEAEP
35390951,RSCR
35412614,WMP
35522166,IQCTC
35400760,TOSFR
35235751,UHPCW
35412647,HCSF
35412046,ACSC
35256752,OMLD
35418506,AGLRQ
35398502,JCPPT
35413556,RTPIT
35256325,CFFMC
35236200,BBREA
35527894,BDRI
35413725,PCSCU
35391228,GMCI
35521889,HCC
35407772,NAHS
35527998,FOCC
35399744,PFBPM
35235007,MRCRD
35391781,PIVC
35408074,NPSMB
35528058,PWAUE
35399082,CHST
35413664,NSEE
35256792,VHSBR
35522202,MCNCM
35408303,IGCTS
35413694,ANMGC
35257044,SPFST
35391538,AWMT
35399519,ESPTS
35520996,PCHA
35528171,NSEE
35408923,FADP
35413889,CPGH
35234699,JSJ
35399910,SBT
35391966,AGLRQ
35521460,HDDE
35528438,MNDIP
35400273,LGMB
35412782,AHL
35234821,NDMBA
35408567,TOSFR
35401525,FGSRI
35256114,ONA
35413711,GHE
35521733,INDP
35409662,LITB
35235304,INRE
35257406,LPF
35400557,TPOE
35390804,PFP
35522240,DTMKB
35528871,GBS
35408322,NSEE
35412842,PEHP
35391005,BKS
35255885,BIOP
35521586,CEP
35408749,MCL
35390821,TAD
35256638,CEPR
35413626,PREWM
35409920,PAL
35235233,ESMS
35391893,ATPW
35255818,TMSMW
35398868,WRHTH
35408928,SAM
35392123,SFFRF
35529055,AMSPS
35521080,UDIAL
35256009,WRPC
35390962,PJI
35409205,MBLBL
35528778,SCSLT
35256305,CABYB
35391310,UDIAL
35398664,AMYD
35257395,HTER
35409898,OIP
35521848,RDFLF
35391202,GBS
35398754,ATLCD
35257598,HABPB
35408345,PHTID
35529224,INDP
35391365,TOF
35413618,OGCL
35256302,IFY
35527834,SAM
35391868,TALC
35408688,SABV
35257296,VWC
35521919,OAG
35399215,SSOC
35528602,ACSC
35390958,LGMB
35408752,CVJPS
35412868,MOT
35255821,AGH
35522194,VNIBE
35528811,VBBAL
35399921,TAD
35256111,GNIPC
35398973,CLSF
35410260,ABSA
35391598,MOTAV
35413567,FRTRF
35521521,HCC
35399230,DYCSP
35256563,NPSMB
35528864,TOF
35412833,SBPBM
35411033,PAES
35521628,ISE
35393307,TRM
35528960,ASHDP
35412905,MXS
35409792,CACW
35401522,AWT
35255757,FMVSG
35393865,ARBAR
35527914,PJI
35410039,ECRTA
35256060,PFCRV
35399231,TNLB
35392102,NBED
35410634,EIF
35413142,MSM
35521701,LBMED
35392422,CPPRM
35408814,SJNMC
35399604,ARIR
35414131,ECLA
35521903,GTN
35409115,ILR
35391593,NEVAR
35255910,SSV
35528797,WCCG
35409170,RDT
35415051,MGDW
35392369,JCHCH
35528816,BIPBD
35522326,IBDP
35256292,FAH
35409851,AAC
35391673,PGMNB
35529282,MCL
35521161,ARLVN
35399563,ECLD
35256477,SETEA
35415098,NAHS
35410113,AOMR
35521341,BTLBJ
35255796,WMP
35399726,OGCL
35391694,IRH
35522792,ASCV
35531612,AAOA
35256351,BMKMW
35392789,VOWVI
35415964,MRSP
35534487,ANA
35408937,LBSBC
35392909,TRM
35400830,SCPB
35416061,AMSPS
35522154,RDT
35528224,RDG
35409173,KISER
35400242,SELC
35413022,KTIB
35256474,LITB
35523958,CHGO
35528502,OMTC
35399155,AUCTS
35256436,AWMT
35521308,MCITF
35409689,MABGW
35529448,BECWE
35400421,LHEA
35256847,SLPWF
35523617,ETRC
35408905,WRPC
35400573,AGH
35255870,GPEM
35522427,SOABI
35408896,THC
35414188,EAMDO
35256278,EAY
35528825,TAMWR
35522123,INRE
35411180,CSN
35412957,PCI
35256201,AAOA
35529168,PDCO
35522618,MXS
35392119,WMUJ
35528321,STL
35409843,OIP
35257257,PAES
35522670,ECLD
35413796,GDP
35391553,ETRC
35409204,VHSBR
35401134,RSCR
35235451,LDSA
35257207,SELC
35528357,NLO
35411296,PPSRL
35401364,LOWM
35235697,ICAI
35257407,GBI
35529040,GCS
35410372,TBSCC
35400699,SUMC
35521923,BHXP
35392492,TPTWN
35235554,WNE
35413334,FOCC
35399330,ERLIH
35257600,OMTC
35392552,POCM
35414687,ACSC
35410410,QDTPP
35392943,CRPMC
35414780,DMOTP
35528687,RSCR
35409339,HNEVI
35522268,ERICD
35235949,VVZMS
35392790,BRRDM
35529477,WCCG
35257861,IVDW
35523566,MHECC
35414293,INV
35400759,SLCSD
35528435,PWSB
35391877,NPUTF
35409595,CMSOR
35402210,WPIIW
35528723,HFEF
35256573,LFFAA
35235367,EMASC
35522522,SPPR
35415694,RHM
35257151,VPVMS
35235396,SUMC
35410551,DWM
35392809,SIMC
35529599,INV
35235608,AMYD
35399559,QROCV
35256168,UDCVU
35391681,EML
35413983,MTIC
35412224,LOWM
35399794,PLPB
35415138,NLO
35392833,EACBW
35410262,IESP
35528428,RPDWD
35522826,IDSS
35257541,EBER
35415237,UDCVU
35393709,JBRFP
35529231,NPSMB
35521807,VTAM
35255950,VLV
35399404,DTMKB
35413528,AGH
35529329,CPOE
35391690,MECCA
35522521,OBW
35235912,CCCB
35399504,BPSS
35414321,UHPCW
35410523,IBTE
35392665,HRHIC
35523182,CBSC
35235996,AFNAM
35256608,TBPVP
35416523,ARLVN
35392347,STBM
35528922,LGMB
35523259,GMCI
35400763,ISLBO
35236175,MSS
35411244,PJB
35529121,PGMNB
35402318,SEF
35522624,BCW
35235119,GWI
35413980,LAR
35399496,QBMR
35410587,PLPB
35235586,DTES
35390411,NDMBA
35523392,MSRC
35529608,OAG
35399691,AWMS
35235297,RPCSS
35256347,RLSA
35415053,ADDM
35523450,NFS
35400126,RRRM
35528909,SCSLT
35256416,LST
35414170,MDS
35411383,LRRTW
35399699,BCCO
35257170,HCC
35529594,MGDW
35414319,IDA
35236074,FAH
35399808,BRMB
35391763,MJU
35410579,CPUR
35257218,APRM
35414675,CMDA
35399703,ISS
35235429,PSGAT
35529404,ORC
35523215,PRBR
35411090,CRV
35393175,MDS
35529538,CCRP
35235693,WMP
35521894,HOTIS
35410393,EAD
35415759,ILVRU
35529737,PFCRV
35256887,SABV
35236546,PGMNB
35522003,FWLM
35410495,LJC
35416526,KTIB
35528660,PFBPM
35393639,NVS
35257291,HRSA
35399748,GHPPS
35413751,IRH
35393989,RPA
35523393,PGMNB
35256376,LFFAA
35528534,PCCM
35401624,HCSST
35235394,FANGF
35392904,WMUJ
35410932,CIOI
35529589,RAEWD
35522025,STP
35401791,DMBR
35391996,BIPBD
35389580,SSAC
35400598,MPGGP
35522157,FAH
35529674,MCNCM
35392850,CMPO
35414646,RFMAM
35256244,SCFEP
35411017,CLPFE
35529583,HFEF
35391842,AEG
35400192,OTR
35257758,STP
35410718,BAMW
35392178,PEHP
35400781,BCW
35389855,TPOE
35528575,ORI
35236691,MCM
35415260,PSBI
35524194,SBPBM
35256475,EPM
35392876,CSH
35235945,SRDPP
35413864,PNC
35529581,SFFRF
35257525,SHFDM
35393106,HFEF
35410622,JCPPT
35414246,ZCSAS
35256831,SBRF
35400277,JCWI
35393544,GBI
35522349,GARJY
35411815,LSGS
35414580,CGO
35400599,PKE
35235857,ADDM
35394333,ASTIB
35523771,ELR
35411898,CLBPY
35401315,AGH
35257573,PPSRL
35394650,PDCO
35524147,WRPC
35236197,AAPCJ
35401448,LBMED
35410954,MANVN
35393603,FWLM
35529099,FGSRI
35257575,PRBEP
35415147,VWC
35235583,SLPSM
35402690,RMIR
35389676,ECLD
35529198,IBUDT
35413973,RID
35392644,PJB
35400636,HCC
35258237,VPVMS
35522573,JCPPT
35529542,CBL
35415770,HDA
35392953,TAMWR
35401391,CBAVL
35529556,INDP
35410973,SVC
35392335,MCL
35416995,CRPMC
35235769,GAFRT
35529637,ECSC
35256725,PAL
35392620,LPF
35414217,GARJY
35529740,MDSR
35400782,SAM
35393686,IKB
35257253,JSI
35411998,EMNP
35523347,EML
35401318,SPFST
35257754,MJU
35412184,PRERM
35414724,UHPCW
35400478,STP
35258037,BRRDM
35528805,DECIC
35235581,LST
35410946,PPTFS
35522983,SRBPH
35401135,TCDDP
35415117,ACSOC
35257130,QBMR
35235893,BIPBD
35411020,CTMFT
35401311,GDP
35522565,GCS
35257548,HFE
35393983,CLSF
35236357,SQIS
35411169,CARON
35523003,TFAS
35415316,PTPS
35392300,LMGB
35528958,DCMP
35411454,PEI
35522393,SAM
35392878,ANA
35414198,EMTI
35235582,SNEET
35528858,PPCJ
35522497,STBM
35392325,NLO
35417624,MRCRD
35410608,REAAA
35531140,MSM
35235799,ANA
35522613,DJPT
35400942,WMUJ
35417796,UDCVU
35410994,NDMBA
35531268,ASWOR
35392763,LGMB
35414204,RDRV
35522647,FGSRI
35411699,WBEIG
35236090,RIFNC
35531483,ALO
35393204,PRBEP
35414704,IOIS
35389926,RMBMH
35530376,WBEIG
35522703,PJI
35393001,CAB
35256947,QROCV
35414840,AEG
35236470,IRRS
35530649,TDVDS
35393656,AMYD
35257134,AAOA
35412517,FCOGC
35401548,FAEP
35389727,CJER
35522518,HAPH
35392220,TDEN
35401505,RCLMG
35412893,LCCAS
35236096,CPBM
35401712,FRM
35390194,AKPED
35392712,MMQ
35410752,BRTP
35529879,MPGGP
35401890,SFFRF
35258324,DLAUA
35522548,CRSRS
35392792,EAPC
35412734,PIVC
35415184,MSM
35400791,CTMFT
35389939,EBER
35530556,SLG
35393420,PRERM
35522395,TSCA
35415376,AECST
35402386,AMYD
35531436,TCDDP
35392291,DCVTC
35412125,DWG
35415296,ABSA
35401719,NBNL
35394323,PDCO
35522711,FAEP
35389675,HDHSM
35415375,PPCJ
35401807,CEL
35394891,LRGSG
35522922,DSRP
35257970,TRVP
35411482,GWI
35415858,SPFST
35531482,ONA
35396732,ANOFV
35402671,MSM
35522948,MOTAV
35411844,PFBPM
35397333,PCHA
35414406,ESARW
35401256,BBREA
35522959,MSM
35413904,AWMS
35393687,SLPWF
35522523,JCHCH
35530682,RVWB
35392431,CAGW
35415312,IVDW
35410882,EAY
35523303,TOF
35530344,DEH
35393780,LITB
35414779,RLWTA
35401541,SDOHM
35411245,PUTR
35523364,BMKMW
35392696,EAI
35531752,ATPW
35414996,ABS
35411589,LMD
35392612,DTPEA
35531907,SJNMC
35415575,SLTV
35410952,TMAOB
35522743,GCS
35402298,SDOHM
35411480,DJPT
35523722,EAD
35530902,PPM
35402420,SOABI
35412020,JRDS
35415760,NAPS
35523925,SHFDM
35392948,ERICD
35530157,FOCC
35402598,CUC
35411457,SSV
35393775,UPCC
35530429,DICPA
35535544,BSSRM
35522795,LMBDW
35415878,IYV
35393953,WASFP
35535617,DRRIT
35523774,NSP
35415042,BRMB
35416503,RMBMH
35392589,OPA
35536227,AAPCJ
35522483,AWMS
35401657,AWMT
35529965,AAF
35418786,VBBAL
35537785,BHR
35530065,ECLLI
35394125,PCCM
35401542,LST
35411920,ICEIB
35415772,LORDN
35523565,EPM
35530175,SABV
35538214,HRHIC
35401991,RPDWD
35394441,GAFRT
35544906,STAWA
35522484,GHE
35403817,RID
35394592,SAG
35532252,WCAMB
35535663,MDSR
35522900,PSGAT
35411819,RPA
35415777,CSMLI
35396200,DYCSP
35545095,OSSS
35537784,PPSRL
35522907,RPCJS
35396377,SCA
35415293,MOT
35544430,PWIT
35402433,RDFLF
35524576,RME
35530603,CRV
35544666,ABS
35416944,FAH
35402980,DEGJ
35535912,OTR
35531007,PRCLI
35411659,QDTPP
35393906,STD
35544787,VOWVI
35417563,ORI
35403216,TCRR
35530202,STL
35412300,AHL
35392874,FABS
35544707,SQIS
35403315,APRM
35530707,VOF
35536098,BECWE
35393170,CAB
35544783,KTIB
35401748,MEL
35529861,HDA
35412425,CFS
35536623,IOIS
35402950,HABPB
35412940,TGE
35393652,INDP
35415479,ARLVN
35535634,HFE
35401758,POSB
35413006,REAAA
35417545,DLAUA
35393907,TMSMW
35544839,BRRDM
35523007,AEAEP
35402583,OCSSC
35412175,PNC
35415560,SNDT
35392967,PAL
35545466,ISS
35401699,HABPB
35530525,BSSRM
35412279,RDT
35415818,CVSEC
35393146,RCR
35545520,SLARR
35401893,ECAE
35523662,EPSS
35529818,ILVRU
35416095,CBSC
35393304,SPRG
35402573,HBWSK
35522903,HCSF
35530723,ANMGC
35394368,DCBCL
35416405,DICPA
35546277,TAPS
35536804,CJRIE
35403063,SCA
35530757,TRM
35392880,ARVI
35412644,PTPS
35544622,ONA
35537517,CRSFE
35530894,CLPFE
35392974,LSDMS
35416053,BMKMW
35545650,PTFV
35402254,STWE
35530274,SAPA
35417698,LBMED
35523544,ATEM
35547226,CFS
35402623,MTIC
35530903,PWSB
35536316,MLCQS
35412796,ASWOR
35523416,MANVN
35536679,ABSA
35413265,NSPGD
35547671,OCSSC
35402374,ORACP
35530958,CMSOR
35536801,CAB
35412146,PGMNB
35523429,KSDAJ
35529826,CEFV
35546134,OFM
35394217,MSS
35536045,TOG
35412602,INV
35401844,DTPEA
35394629,DGLRA
35525870,STC
35530855,RED
35402071,AMSPS
35396932,INRE
35525966,ABFR
35413481,SUMC
35529831,SDFW
35403312,IBP
35416823,CJRIE
35397458,PWAUE
35526051,NPSMB
35402026,JGFC
35530229,IGCTS
35536165,CPCH
35413119,LFFAA
35523242,PSB
35402574,BNIS
35548272,BRMB
35416221,STBM
35536259,PWIT
35523351,SELC
35402364,PMNE
35545211,ATPW
35412417,OMLD
35417844,IMCD
35523536,IDSS
35403758,DEGJ
35412865,PWSB
35393026,FVI
35545779,DTMKB
35416159,PAES
35523990,LCCAS
35403842,QROCV
35538456,PCSCU
35531089,MABGW
35416657,OIP
35523220,IDSS
35544904,THA
35531423,APRM
35536318,TCCT
35523541,RHM
35417085,AKPED
35545169,RTPD
35413759,NPUTF
35524763,BIPBD
35415974,HCSST
35545260,RED
35530201,IRLI
35413513,PWSR
35402169,SSHS
35394950,FALP
35545782,INRE
35530814,CJRAA
35412613,NSPGD
35537806,MSS
35393694,NSEE
35413252,DCLVI
35418144,UDCVU
35523024,OIP
35393149,FWLM
35536647,SSV
35545811,HBD
35412698,GHPPS
35416320,OMTC
35393747,HDAS
35536794,LHEA
35525301,PCGPT
35544733,ZCSAS
35412783,PKE
35402699,ORI
35416815,PACFE
35393986,RPDWD
35544866,PACFE
35522986,LRS
35414573,SSHS
35416959,BBPR
35545180,CMPO
35393337,SSTP
35523390,NLO
35414734,STL
35546000,SJNMC
35530526,VIRPQ
35402982,FTD
35393313,SPWTB
35538717,OAG
35412986,JPC
35546207,PGMNB
35522946,ORACP
35393159,VTAM
35541843,IDA
35531425,VBBAL
35405731,VNIBE
35544911,SSV
35523856,BPSS
35533007,ARP
35542449,HDA
35545644,EIF
35402375,PWSR
35523926,STAWA
35413784,BRRDM
35416597,DCBCL
35536741,TDEN
35545708,VPVMS
35402953,TMSMW
35523159,EAI
35417183,NVS
35530345,RRPM
35412774,ZCSAS
35545053,RPPL
35416174,NSPGD
35530791,GBI
35393921,CPPRM
35413041,GARJY
35403491,MEL
35416713,LHEA
35523171,CHGO
35545519,DCCOL
35413240,TMAOB
35530968,EMTI
35416811,TBRD
35403878,KTBOS
35523436,PPM
35394099,AKPED
35413450,SPA
35536611,DPGRO
35545142,RPPU
35531134,EID
35524023,OAL
35416958,SCPB
35394451,MDSR
35404319,LBMED
35545571,DTH
35530005,AAPCJ
35417512,STD
35394769,OCSSC
35413083,KISER
35537685,VOF
35530424,DPOV
35416364,CAGW
35394823,PNC
35402949,PIKS
35413302,PSB
35537941,DPPP
35523572,DCCOL
35416369,ACA
35403172,SNDT
35393493,IRLI
35413401,PSSJG
35523630,BTB
35404146,SCPB
35530755,CIFML
35545822,IMCD
35393708,SRGE
35417076,PTPS
35545896,AMYD
35413062,CPCH
35533114,AMYD
35417299,HNEVI
35393820,SSAC
35545578,PPM
35523417,JCPPT
35537334,LOAS
35412867,SCSLT
35394052,STD
35405399,LHEA
35545675,OBERC
35526286,AEG
35413098,BTLBJ
35394172,NAPS
35403635,FBRBP
35537293,DEDHS
35547171,PTASO
35394777,JGFC
35403720,CAGW
35530544,PTASO
35523939,MJHP
35395391,PCT
35547735,MPGGP
35418537,BCCO
35524178,CEP
35395495,LMGCP
35414094,RAACS
35545666,TDEN
35531458,LCCAS
35538752,NPUTF
35405726,OMTC
35413445,ECAE
35538825,GACIB
35417422,THC
35402944,RRPM
35548446,IFY
35413848,CMDA
35524362,JPC
35417814,IYV
35403492,SSAC
35546775,STBM
35530350,WNE
35414093,GMMA
35524786,RSCR
35418721,FWLM
35402948,ECRTA
35547023,WCCG
35530573,TOSFR
35394883,RCFS
35523749,ECAE
35414425,PBV
35402847,LPF
35536982,PSGAT
35524137,MSS
35413043,BRMB
35530362,SAPA
35402911,IBP
35393678,INV
35530587,RLWTA
35414153,SNJM
35537700,VNIBE
35403147,LSGS
35394171,JPPE
35417226,DRRIT
35538033,BTB
35547057,PCIM
35524204,TAD
35395565,OSSS
35418329,PBV
35538172,ISE
35545398,SILE
35395040,RSCR
35406008,GBI
35417093,CLPFE
35531064,AWCE
35546271,THA
35526090,FALP
35538270,LAR
35403267,HBD
35531962,FANGF
35418173,CIOI
35546579,ERICD
35523434,DWG
35413096,LRS
35403640,TAMWR
35530807,CBSC
35393873,RPCB
35417517,AFNAM
35413233,LMD
35538131,PDNGL
35546059,ARIR
35404075,PANAT
35413536,CCCB
35417576,FALP
35525026,FTMP
35549209,JCWI
35403328,RCR
35531113,LBSBC
35413943,JAC
35538407,EMHA
35523216,ISSPP
35545901,NAPS
35414294,LMBDW
35531459,OBW
35538395,RPFT
35546753,JBRFP
35414713,LMBDW
35531824,SVC
35538884,RIGR
35546988,FTMP
35414502,CVJPS
35418710,HBD
35531933,WRHTH
35404600,PTPS
35413869,IMR
35547636,MJHP
35538192,ARECP
35403443,TBRD
35417340,IMCD
35531090,STBM
35524300,MRCRD
35403468,ELA
35414625,TAMQ
35418309,CTM
35524501,UCKVL
35403569,SSLA
35531454,LORDN
35414904,WMP
35418250,ARIR
35524757,TRM
35531546,ISSPP
35404167,AAOA
35416228,OAL
35547907,IKB
35417452,WULMF
35538324,STL
35414618,ABFR
35403742,FMF
35548009,IRH
35523976,API
35537986,UPCC
35404307,MECCA
35545886,WASFP
35418535,ASCV
35524392,MESCP
35415180,PDCO
35404977,SPRG
35538287,NBED
35546667,ANMGC
35417527,CGSRI
35531632,PPTFS
35415291,NPAPR
35403829,DRRIT
35547419,ZASPO
35418479,BDRI
35531786,SSAC
35404368,QBMR
35547721,WASFP
35418353,CARON
35414839,CSICI
35525104,RMIR
35404844,DSDM
35418542,MAASS
35414393,REAAA
35538824,ANOFV
35547719,FBRRR
35546342,DTPEA
35404186,LSDMS
35418925,SICDW
35414471,SETEA
35531900,POCM
35546794,SMLS
35539056,LOWM
35404838,SJNMC
35414623,DWM
35419134,FPS
35531065,SLARR
35546826,STP
35404092,IBUDT
35524473,OIP
35539343,TGAS
35547431,ACTEY
35404270,NDAB
35547172,VTAM
35523639,WRPC
35419158,DPPP
35414260,NLO
35547501,FCR
35539393,MCM
35524252,QBMR
35415457,VOWVI
35403912,VIRPQ
35621652,HWCMC
35548679,FABS
35414487,WPIIW
35404614,MJHP
35620803,ECLD
35524805,OMLD
35538197,RPPL
35546792,EIF
35620955,WNE
35418248,BAMW
35532000,TDVDS
35525504,TOSFR
35414695,BRRDM
35531669,JSI
35418839,AUCTS
35547430,ARIR
35525789,NBED
35414119,CPOE
35620829,ASPA
35531745,AGLRQ
35419040,CHB
35525694,EMNP
35621025,OEL
35532010,BIOP
35404299,SLPWF
35538827,LSGS
35621125,PCAE
35418284,GVMTT
35546161,PWAUE
35538116,CHST
35620759,QROCV
35531573,GHPPS
35418356,LAM
35546255,MLCQS
35405791,DEH
35621127,CPGH
35524096,DLAUA
35531422,DCBCL
35538775,ISSPP
35621669,CSH
35418682,SIMC
35524205,IYV
35532308,HOMMH
35415088,OAL
35405867,BHR
35419443,REAM
35547224,DMOTP
35524611,ASTIB
35404704,CMWE
35414932,RLWTA
35621064,VLV
35417817,MESCP
35525223,HBWSK
35531351,CER
35538492,EID
35414998,WASFP
35405400,CMPO
35417909,LRGSG
35524269,TSCS
35415113,SRMM
35621471,FTD
35532069,SICDW
35405517,IMCD
35418116,RIFNC
35524749,SAM
35415315,GBI
35532389,PPM
35404789,ASCV
35418370,TCRR
35523865,EMSNE
35621618,SISO
35414315,ORENA
35548012,CFS
35533498,PFBPM
35405081,ICAI
35538228,MGDW
35418472,CQMSO
35621096,DMHA
35524783,GLMDR
35534291,JRDS
35548187,CJESB
35406844,BKS
35523909,NSEE
35416738,ANP
35548449,RMIR
35538912,CMPO
35534749,DTPEA
35404471,SRBPH
35524262,BMKMW
35414587,ASTIB
35548541,SNJM
35421342,EMNP
35538468,WCM
35531651,DTH
35405190,ESPTS
35524493,ECLD
35621703,FCR
35418146,BIOP
35547443,RAACS
35538378,ICAI
35408213,RAACS
35524733,IDSS
35415717,KTAP
35419083,KTIB
35547651,RCFS
35538749,DCCOL
35414868,SLPWF
35405047,HOTIS
35526204,ATLCD
35531408,UHPCW
35414660,SWSCR
35419452,DEH
35532065,BRMB
35526307,RIFNC
35539564,PCI
35405428,PNC
35620920,AKPED
35547398,GMCI
35419515,AAC
35532650,HWCMC
35539789,ESARW
35405952,UPCC
35621322,CHST
35414973,LHEA
35549103,ZDS
35419805,DWG
35531282,LRS
35415846,OSSS
35621720,DLAUA
35404489,ODI
35418241,CMDA
35415358,CGSRI
35621222,LOWM
35532596,RCFS
35548405,QDTPP
35540027,QROCV
35415462,PSGAT
35621520,TDEN
35533075,MOT
35547647,GSCMI
35538800,BCCO
35416176,CIOI
35526710,SACSP
35547875,JRDS
35421085,EAD
35405495,LDSA
35539372,DMHA
35414766,OSSS
35524317,MCL
35548004,NAPS
35621689,NBED
35539681,BAA
35415814,GPEM
35405287,CJRAA
35621337,GNIPC
35550191,NBED
35532747,MHECC
35417084,WASFP
35524578,INRE
35621420,UHPCW
35550293,ACTEY
35533194,REAM
35538985,INDP
35406365,WPIIW
35417381,ZDS
35531539,QPA
35418396,BAMW
35525822,MECCA
35547842,JCPPT
35415771,POSB
35404758,IBUDT
35621694,CDT
35524275,PEWGW
35538696,CLSF
35548014,ACA
35415189,TAD
35621721,BSSRM
35405351,TPOE
35524660,TSCS
35415359,RMIR
35418955,SLG
35804897,RMDAC
35524894,HCC
35405632,OMLD
35532261,RPA
35804664,VLDTI
35525316,CAB
35416517,GWI
35418518,LITB
35532225,FWLM
35805284,ACS
35539222,FAEP
35420743,IBUDT
35404902,CPUR
35531691,PRBR
35804723,BFEF
35524590,PJB
35417715,KAD
35405648,TAMWR
35419670,PFCRV
35805820,CCCCA
35548636,VIRPQ
35524817,LMGCP
35405827,ABFR
35532927,PWIT
35548894,ATEM
35526284,LSDMS
35804771,GLRAT
35539755,TGAS
35547783,IOCSC
35405376,ANA
35532043,FGSRI
35524499,UCEP
35804443,FSC
35419135,MJHP
35539580,ESARW
35531456,IFY
35804753,SESS
35419480,FOAC
35415596,HCSST
35548306,CLBPY
35539909,CHDAC
35805069,VTEP
35418395,ORC
35526100,CMTMT
35538733,NFS
35419432,GCS
35405661,STAWA
35416137,SHFDM
35548087,CSH
35524276,PSCW
35538844,BECWE
35406003,IBP
35532096,LORDN
35525274,NEVAR
35538917,GBS
35419187,PRERM
35548480,MVRS
35524759,BMKMW
35539027,VPVMS
35407833,NPSMB
35548770,NSPGD
35418113,DCBCL
35415564,SPA
35531951,ORC
35409012,RIGR
35549793,ECRTA
35418897,CVSEC
35532315,NLO
35406040,IBTE
35526754,ARECP
35548662,GMCI
35418249,NFS
35532504,ARIR
35406274,OBW
35538772,BECWE
35525022,GDP
35419157,WMP
35807015,LGCV
35405337,PWSB
35531868,HTER
35525171,RTPD
35420960,ABS
35806237,RHG
35539272,ADDM
35532534,HWCMC
35421066,TOG
35806990,BCCW
35406307,AECST
35549741,BSSRM
35531798,SNEET
35807051,FAWG
35525487,DWG
35418816,LHEA
35406509,LMBDW
35547924,MMQ
35532012,MBS
35805047,CTD
35524404,RRPM
35405483,SJNMC
35419715,RID
35547994,DTEF
35806221,VBCW
35524465,PFBC
35406329,CEFV
35540602,SSLA
35418310,DECIC
35549015,HDA
35806620,TSTT
35525568,JCHCH
35406660,IOIS
35416368,RAM
35524486,DEH
35539005,RDRV
35521512,CEFV
35406873,RCLMG
35417953,PACFE
35548862,SCPB
35525404,TSCA
35539987,CPUR
35805762,BGT
35407048,PEACB
35416288,PJB
35525470,HABPB
35540440,TAD
35805685,VIM
35416800,FGSRI
35405673,SAG
35533342,SBRF
35539463,FVI
35419707,RDPRD
35548248,DPPP
35525185,FFUES
35531797,PWIT
35806616,RAPCP
35539515,JCHCH
35416121,CFFMC
35525959,DRT
35418393,GDP
35806720,CICW
35548117,EMASC
35540053,WCAMB
35532101,SLG
35416652,ONA
35524556,RAEWD
35418665,PBV
35807948,PLSG
35540378,CRV
35532324,UDCVU
35417726,LPF
35525431,BACKA
35419750,PWAUE
35806159,AQGRM
35539176,ELR
35532571,BMKMW
35525533,CJER
35416007,TMVG
35419950,ISSPP
35806439,VRSRM
35539856,DMBR
35526242,FALP
35548282,DTEF
35809763,LPHSC
35420074,DEGJ
35539088,VTAM
35524601,GSD
35531846,STBM
35416773,SSV
35539861,PSBI
35806828,TTRFP
35416830,CPPRM
35548448,IGCTS
35539733,ATLCD
35418330,OBCS
35417039,SSV
35524797,STBIH
35418957,CPA
35533484,OBCS
35550590,BKL
35416508,WRREB
35525302,BTB
35806745,CCCCA
35417091,BRRDM
35525597,SUOCA
35807987,BLF
35548718,PFBPM
35419581,LOAS
35417292,FANGF
35807595,SIL
35541226,PUTR
35525362,MOTAV
35419659,WPIIW
35417442,RED
35525909,AGT
35539376,JCPPT
35533670,AOMR
35417537,PWSR
35525295,SJB
35418480,TGAS
35417573,PIVC
35539438,CRD
35420537,WCM
35550746,FDC
35532094,CLSF
35418407,CHB
35420896,BGVG
35540337,VWC
35550792,SEF
35917802,BMPSR
35416164,VIRPQ
35808594,OGC
35421535,RDG
35532780,MTIC
35548510,IVDW
35539467,LHCA
35416660,FBRRR
35808346,OGC
35916870,ACN
35533177,CIFML
35525343,FVI
35540144,MTSSV
35416129,CMTDH
35807423,NGTS
35533672,SACSP
35551037,SNEET
35418019,RIFNC
35920428,MLS
35421702,DECIC
35416194,NPSMB
35917574,MLSSF
35421806,QPA
35525025,SNO
35531963,HCSST
35548447,POCM
35417650,MCNCM
35917703,CSCS
35525373,HDA
35533314,MVRS
35548512,MTSS
35416272,HODTR
35918348,RETDG
35549460,ONA
35535343,PSGAT
35525493,AAHBL
35809424,ATN
35418558,VTAM
35525644,CSMLI
35418836,PDNGL
35539885,EPM
35532575,FCE
35526188,GTN
35419194,IDSS
35417090,CPUR
35548922,HWCMC
35533023,DCMP
35525590,VHSBR
35917934,AALC
35807770,DAI
35419338,ORC
35549532,FWLM
35533113,DPOV
35417217,DMOTP
35525858,GCS
35807520,ACS
35549591,SOFA
35533244,IBTE
35543364,SILE
35416586,PPC
35918151,RHG
35807878,OEJ
35548615,ATEM
35540286,GWI
35416842,BBPR
35525085,LMGB
35918406,BFEF
35540394,MRSP
35417334,CAGW
35525430,DCCOL
35918763,WFSC
35419614,DRSFE
35540281,KAD
35532815,WRPC
35526409,TPTE
35808764,GHHMD
35418874,QROCV
35539603,NPUTF
35532141,IDA
35526479,BIOP
35548750,PSSJG
35808914,BOCDC
35419185,KDC
35525695,TSCS
35416890,LRRTW
35542046,AWT
35550297,FCE
35808526,TESDC
35526251,SISO
35532649,WPIIW
35417629,DLAUA
35550506,ARVI
35525804,BHXP
35419728,FGSRI
35809195,HSMR
35416706,GWI
35918225,SAP
35533241,TOF
35419282,WCM
35526408,TMAOB
35808149,SGA
35542412,HODTR
35551034,PPCJ
35416891,CMWE
35419808,SLARR
35810304,KPU
35542505,GMCI
35919193,GCCE
35548992,BRRDM
35533642,SLARR
35420387,NDAB
35809320,WDBPP
35419065,VHSBR
35525377,RAACS
35540618,CSMLI
35549086,HRHIC
35917540,MSAT
35420799,GWI
35525136,DEH
35540112,DTMKB
35549503,MSM
35532386,CRSRS
35918152,RAPCP
35417327,QDTPP
35525381,FBRRR
35421110,LHEA
35541009,UPCC
35533997,SNJM
35417453,FANGF
35525778,GLS
36046192,OEJ
36053029,FTPJB
35546393,SELC
35915881,LSC
35620531,FCOGC
35937768,ARWBA
36053324,CDOE
35546567,RMBMH
36045835,BGT
35915956,RWG
35937879,PETDC
35546791,TFAS
35934939,LSC
36045911,VTEP
35916842,VBCW
35619936,CJER
35547928,OFM
36052982,IDPC
35934315,PETDC
35917222,PLSG
35620184,HOTIS
35546680,RSSSP
35621136,CCCB
35938076,MEVCW
35934614,LAIH
36046430,SRH
35916627,ECS
35937207,SRH
35621407,FOAC
36053093,BAP
35916276,RCMRR
35620033,RTPD
35937005,EFFS
35548201,TRM
36053154,BITN
35620138,MOTAV
35937243,CCCCA
35917594,CLC
35938158,ESDCF
35548640,CPGC
36045862,PBSP
35937483,VLDTI
35546259,TPTWN
36053327,VLDTI
35621307,EAMDO
36047152,MLS
35916199,TSATF
35934593,SRH
35546895,IDSS
36053655,VLDTI
35621386,DTPEA
35917027,CDI
35938859,IEJ
35548688,TOG
35916262,CLC
36053072,SCC
35937713,MEVCW
35548825,MDS
35916323,ABIV
35619929,LHCA
36046544,SIL
36053149,RTP
35935174,DABE
35546111,WMUJ
35915829,WOBKC
35620933,DJPT
36046892,FTN
36054286,SVAGE
35546526,EAI
35937562,PDAIA
36045556,CTKIC
36054860,GCCE
35935056,PWP
35620047,TAEDD
36045861,RETDG
35938120,SSASD
36053659,MSPE
35547432,TBPVP
35935261,RPVFC
36047064,HBNPA
35938014,CBDEC
36053758,WOBKC
35916069,CLC
35620514,GFC
35934768,WFSC
36054325,UHDSL
35936112,BLAT
35546580,RASF
36047426,GAS
35917445,WFSC
35620585,NSP
35936261,KPU
36046040,ACN
35915892,BGS
36054732,NGTS
35621130,KAD
35936359,SAH
35939471,CTD
35547170,BNIS
35621296,TMRC
35916191,FRMHT
35934825,ESO
35923784,ESDCF
35937943,IDE
35547539,API
35916329,CSKS
35621631,EMTI
35934926,ACS
36053428,VLTBO
35939181,CPERH
36045757,CLC
36053111,BDCG
35916592,CSCS
35546327,VPB
35935391,COSAF
36053384,MLS
35916633,NPMR
36046851,SSASD
35935781,RHG
35548253,TRVP
35916689,ACF
35621642,LPF
35923177,MFPES
36047328,PEH
35620403,RMBMH
35935424,TONP
36053418,DAI
35923299,BLF
36045826,AADQS
35620614,HFE
35935952,MAD
36053703,CICD
35916168,GQMSO
35547653,RPDWD
35923990,MLSSF
35937962,ECS
35935125,GCDQP
35916292,RMDAC
35620787,EID
35923109,BLF
35935593,LGCV
35546836,SEF
35917476,UTVT
36055260,TPCH
35923165,SWRT
36046870,BCCW
35935699,PLSG
35917557,VNB
36053221,CRRL
35923419,PSPS
36045806,TPCH
35938331,UTVT
35935753,SCSK
35621551,UHPCW
35917697,BRINM
35923582,VLTBO
35939066,FGSD
35621594,SPFST
35546925,FWLM
35916481,CTVSC
35939619,LGCV
36054589,TSATF
36046781,SSC
35936189,SIL
35621128,WULMF
35938244,LTV
35546604,PCCM
35916910,RMS
36047479,LPHSC
35923576,RPVFC
35938658,VNB
35546790,JRDS
35917498,UTVT
35923945,HAH
36054872,RHG
36045792,WFSC
35935697,CTVSC
35923354,DCCT
36055011,UHDSL
36046644,ISRPR
35923533,LTV
35917264,VLDTI
35546932,MLCQS
36055124,FRMHT
36046232,VTEP
35935950,CTD
35938394,LTV
35916280,CSCS
35923726,GVL
36055457,AAAC
35935992,GHHMD
35924017,EFFS
36053244,BOCDC
35916812,WOBKC
36047179,CTD
35547722,LBSBC
35923469,IHSAN
36053782,ABIV
35936073,DAI
35938245,GCAS
36046116,HAH
35926118,ESO
35548215,PTASO
35936366,GAS
36056102,ESIDP
36046193,TESDC
35938250,GHHMD
35548810,MMQ
36056343,RETDG
35924056,TDCC
35935762,OGC
35938420,EFFS
35548413,BCCNS
36056518,TPCH
36045929,IDE
35923255,VLTBO
35917197,ALDGL
35938356,ACF
35938568,CICW
35549187,CDT
35917360,CDPB
35935545,ESDCF
36053950,CSKS
36046865,PIS
35923844,ICRR
35549424,CEP
35916519,VLTBO
35936230,UTVT
36053356,GCAS
36047273,PCWOH
35923562,CWCA
35916694,SIL
35937966,BEPS
36054188,CTVSC
35938672,CRRL
35917339,SRA
35938166,CRRL
36053807,PPS
35916556,SCSK
35938730,UHDSL
35936310,BODT
36046376,MSAT
36048854,MLSSF
35916903,AAAC
35923760,LMDDE
35938596,GGRHE
35548034,TIWS
35936505,RMS
36053951,EFFS
36049545,NGTS
35938684,KPU
35924052,DCCT
35548268,PTPS
36049643,GHHMD
36046632,SRA
36055001,HAH
35548843,BKWBN
35917510,BGT
36046950,BGT
36053391,PETDC
35936413,FENCC
36049082,VVEOT
36047150,PBSP
35924232,TESDC
35917969,VTEP
35547660,GSCMI
35937555,BRINM
36046469,FCRC
35918508,CTKIC
35935760,BEPS
36061128,WDBPP
36053437,BFEF
35923625,CDOE
36046131,SWRT
35916463,DCCT
35548818,SCA
35923821,LTV
36047257,TSATF
35917266,ATB
36055396,DAI
35924521,VTEP
35547070,PDCO
35939384,CDI
36046403,GCAS
35936898,ESIDP
36057281,TSTT
35924625,UHDSL
36046883,AQGRM
35916739,PTGMF
35937689,LSC
36047473,ICDCD
36060213,ACS
35548470,PTFV
35916879,GLRAT
35940658,FRMHT
36047563,MAD
36060410,GCDQP
35936550,MLSSF
35917531,OEP
35547655,MSS
36055205,IDPC
36047647,QQTM
35935896,GCCE
35942328,CPERH
35924378,IEJ
35548398,MOT
36046891,TPCH
36060821,IHSAN
35936512,CDPB
35938902,SAH
35548262,JRDS
36053813,AAAC
35916691,FEV
35937064,ACN
35938841,IEJ
36060453,SESS
36046504,WDBPP
35548659,EACBW
35937527,PLSG
35938945,KPU
35548912,PRBEP
36047002,IEJ
36053785,TTRFP
35938047,BMPSR
35938984,ECS
36061477,TSATF
35924744,PBSP
36047415,PLSG
35917083,RMS
35936473,APATD
35939677,MFPES
36056019,RMDAC
35924202,BODT
36047609,ETSG
35548230,MABGW
35936610,BLF
35940065,GLRAT
36056579,RCMRR
36060540,PDAIA
35925740,FGSD
36046235,RTP
35547225,CHDAC
35936675,PPS
35939254,GVL
36054207,VIM
36046354,BRINM
35547247,LMGCP
35939873,CSKS
35917868,PEH
36061627,SAP
36053980,HSMR
35547887,CFFMC
35940310,BZW
35916575,CPERH
36046784,CBDEC
35936365,CFN
36062308,MSAT
36055236,CWCA
35547953,STWE
35940119,CRBDO
35917234,SESS
36046656,BMPSR
36062457,EFFS
36055228,FEV
35925823,HBNPA
35548287,CEL
35939579,FSC
35917717,TONP
36060917,SRH
36053934,FENCC
35547631,PCIM
35936417,CTVSC
35916858,BISRE
36054988,BLAT
35925678,TSTT
35940870,MLSSF
35936948,MEVCW
35918543,BFEF
36056064,ICDCD
35924556,IHSAN
35937866,RAPCP
36046820,AQGRM
35940811,CTD
35916995,TONP
35925012,MEVCW
36054141,CTKIC
36047259,JHCB
35925096,ISRPR
35937417,CICD
36061470,SRH
35916731,CBDEC
36047308,BODT
35925296,HSMR
35938580,CLC
36061653,PLSG
36047489,MFPES
35918194,ILCEE
35925050,ACF
35936576,APATD
36061950,CCCCA
36054666,ECS
36047671,FTPJB
35925892,VRSRM
35940722,WDBPP
35936895,CSKS
36056303,LMDDE
35916854,CTVSC
35924747,FSCF
36060723,CCCCA
35941118,SSASD
35936689,TTCR
35919729,ATB
36061692,HBNPA
35924898,AALC
36046952,ICRR
35938912,TONP
36062128,LPHSC
35925478,WGRV
36047242,LTV
35917233,JHCB
35936449,CDOE
36062518,LTV
35924871,VVEOT
36054912,ECS
36048156,ACN
35936924,FAWG
35917787,ACN
35925074,DCCT
36054933,GPCFU
35940741,TTPDN
35937188,SSASD
36047277,SRA
36061420,RMDAC
35937114,TPCH
35941054,GAS
36061826,IEJ
35924726,TDCC
35919996,CSKS
35937323,CLC
35941117,TTCR
36048840,CDU
35924981,ATB
35937525,SSC
35917366,ACF
36048933,ATB
36055300,ABIV
35940371,WFSC
36070172,ALDGL
35936965,FGSD
36049178,RHG
36060859,PETDC
35941163,GHHMD
35925221,PACIM
35937298,UTVT
36049330,CFN
36060963,LPHSC
35918589,WFSC
36046989,SSASD
35941713,GQMSO
35925100,RAPCP
36061444,MSAT
36055329,ACS
36047081,HAH
35941852,ILCEE
35927868,HAH
36061564,TDCC
36055760,ABIV
35937995,SRA
36047269,CCCCA
35924995,ALDGL
35940614,FRMHT
36069678,TESDC
36061989,BMPSR
35925098,ABC
36047853,GPCFU
35940660,BISRE
36069177,RCMRR
35925252,RPVFC
36061151,CDPB
36054889,GLRAT
35937304,ILCEE
36047239,ECS
35941385,BLF
36070679,PDAIA
36061255,DWR
36057131,TPCH
35937635,GGRHE
35941887,GHHMD
36071265,TPCH
36061498,TTCR
36054644,BOC
35937097,FRMHT
36069150,BITN
35925158,PETDC
36048132,BAP
35938112,KPU
36054842,WFSC
35925998,FGSD
36063337,BISRE
35938322,NGTS
36055023,TTRFP
35926066,BMPSR
36070298,AADQS
35937320,SSC
36055714,DCCT
35925118,RCMRR
36047058,BISRE
36069792,EFFS
35925371,BOCDC
35940661,SSC
36047117,GCDQP
36069336,SSC
36061405,BMPSR
35925960,PACIM
35940753,BAP
36047737,CSKS
36061530,AADQS
35938686,WOBKC
36054835,FEV
35925316,RETDG
35941242,CRBDO
35938848,ABIV
36054921,BGT
36176428,CTVSC
36069736,BOC
35926186,COSAF
36055731,WOBKC
36046920,BMPSR
35926292,GAS
35941665,RETDG
36055966,SCSK
36177216,BOC
36061924,IHSAN
36048037,SGA
35925209,TONP
35940566,SAP
36054386,TESDC
35937501,FTN
36055233,RMDAC
35940601,SAP
35937643,LAIH
36070443,CTVSC
36055418,RHG
35926556,BRINM
36177619,SESS
35938368,GVL
36070705,SCSK
36055030,BITN
36176663,BGT
35939505,CVHP
36062497,CRBDO
35927360,BOCDC
36055304,ICRR
36069582,IDE
36177191,TESDC
35939625,CTVSC
36055607,VBCW
35926020,TTRFP
36060891,AIPIU
36047632,GCDQP
35942025,WFSC
36070448,GGRHE
36054727,ILCEE
35926078,PCWOH
35938090,IHSAN
36061699,OEJ
36048223,TSTT
35940648,RETDG
36055909,VLTBO
35926231,TDCC
36061961,CFN
36069574,PTGMF
36048506,NGTS
35927132,HSMR
36062483,COSAF
36176435,ATB
36056230,EFFS
35938375,FCRC
36047576,HAH
35927478,TESDC
36060894,WGRV
35937634,GQMSO
36176515,PDAIA
36056349,BITN
36047876,BGS
35937702,DAI
35943200,MEVCW
35928569,UTVT
35939373,CICD
36054594,OEJ
36176824,LPHSC
35943369,HBNPA
35928661,WGRV
35938949,GHHMD
36056528,SAP
35926042,RAPCP
36047480,ICDCD
36177299,MSPE
35940885,IEJ
36065545,ABIV
36054588,GCDQP
36069997,CLC
35941335,PACIM
35926271,RMS
36054897,UHDSL
36067090,TSTT
36069580,ARWBA
36176648,GCCE
36055130,VNB
36061511,TTCR
35942228,HFWS
35939251,EFFS
36069897,FSCF
36061314,CICD
35940868,GPCFU
36055104,GQMSO
35938422,SSASD
36047246,BLF
36061404,ESO
36070120,SWRT
36056008,RMDAC
36048452,PCWOH
35926098,ICDCD
35941466,VVEOT
36177059,IOP
35938869,MLS
36049041,ATN
35940807,VTEP
36063062,GCAS
36069652,VLTBO
35940992,FGSD
35927715,SSASD
36061210,BOCDC
36177013,FENCC
36069767,IHSAN
36061067,CTD
35928046,PEH
36047684,MLS
36055183,ARWBA
36070537,HSMR
36061118,VLDTI
35926080,MEVCW
35940875,IDPC
36055347,ILCEE
35939027,LMDDE
36070912,BISRE
35941738,CTVSC
35926238,GCCE
36055555,CSKS
35938227,ALDGL
36069831,AIPIU
35926435,WOBKC
36061291,IJARB
36055630,FTPJB
36048976,CVHP
35941082,LSC
35926777,PIS
36070404,CLC
35939134,MEVCW
36062166,CFN
36049061,ETSG
35941162,GGRHE
35926591,SAP
36054920,CWCA
36062021,TSTT
36177225,VTEP
35926796,IDPC
35940905,IHSAN
36055433,GCAS
36047869,OGC
36062236,VTEP
35927290,BODT
36178435,RHG
36055914,SSASD
35938736,RTP
35926709,VLTBO
36048038,VVEOT
36069803,SIL
36054909,CSCS
35926775,ABC
36062688,CRRL
36048133,CRBDO
36054982,PLSG
36069807,BDCG
35927057,CDOE
36177827,CSCS
36048785,CFN
35926760,CSCS
36069681,BZW
36055748,FTN
35942042,CDI
36176791,CCCCA
36048826,UHDSL
36063710,SCQSL
36055780,AAAC
35941348,IDE
36070007,TONP
36177016,PDAIA
35938876,ABC
35941362,CTVSC
36071629,HAH
36055029,LGCV
36061463,RHG
36177507,SAP
35926886,QQTM
35941402,ICRR
36177773,CICD
36056135,CRRL
35938850,OGC
35927106,CVHP
36176797,CFN
36061865,BGT
36055224,JHCB
35938946,VRSRM
35927490,ESIDP
36048015,CDU
36055585,RCMRR
35938735,VLTBO
35927591,CRBDO
36071109,CWCA
35941355,AIPIU
36177917,TESDC
35926551,FEV
36047435,PPS
36070176,PTGMF
35941630,VLDTI
35927263,CRRL
36047628,WDBPP
36055094,BOCDC
36177295,BOCDC
36070287,IEJ
35939226,RWG
36048314,MLS
36055528,IDE
36176778,VRSRM
35942058,ATB
36062357,COSAF
36055137,RMDAC
36048496,ACF
36177433,CDI
35942443,OEP
35927816,FGSD
36061310,FCRC
35939414,PACIM
36177800,LMDDE
35941547,IJARB
36070639,FSCF
35926940,CSKS
36061866,BEPS
35939675,CICW
36177929,KPU
36047785,RMS
36062414,PPS
36177735,BGS
36055140,MSPE
35926890,ECS
36048033,NPMR
35943296,NPMR
36070049,RTP
36055690,TONP
36178171,AIPIU
35926985,RPVFC
35943533,CDPB
36070160,IHSAN
36062191,SWRT
36178267,CICD
35927762,BFEF
36048494,BRINM
35943757,SESS
35939965,RWG
35927168,RMS
36048630,TTPDN
36062444,BDCG
35939605,VRSRM
36179160,FCRC
36056137,VIM
36070909,BGS
36047540,FTN
35927003,BMPSR
36179227,IJARB
35939778,COSAF
36056369,FGSD
36048065,NGTS
36071004,BDCG
35927110,HFWS
36055270,ACF
36048238,MLSSF
35941403,MEVCW
36071381,MEVCW
36056239,HBNPA
36048424,MSPE
35927364,FRMHT
36177076,RTP
35941474,CRRL
36056344,OGC
36070184,TTCR
36047659,GLRAT
35928087,CICW
36062818,SAH
36178120,WDBPP
36055619,PWP
35941588,HSMR
35927710,NGTS
36061388,IEJ
36056404,RWG
35939069,AALC
36047626,BAP
36070833,ALDGL
36061456,ATB
35939438,CDPB
36056491,ACN
36177354,PETDC
36070297,ACS
36062873,CDI
35940591,CFN
35928159,AQGRM
36056063,GLRAT
36048188,RAPCP
36061686,VLDTI
35943354,FTN
36056632,HFWS
36048272,TTPDN
36071262,ESO
36062540,OEP
35939545,LPHSC
35927889,ILCEE
36056006,AAAC
36048449,GLRAT
36176960,ESIDP
35940023,FTN
36061788,BRINM
36056139,LTV
36070544,ISRPR
35928950,AQGRM
36061876,DAI
36047631,PDAIA
36056231,CDU
36178089,BGS
36070732,WFSC
36057335,ESO
35927728,RWG
36062698,SIL
36047916,FGSD
36178474,GPCFU
35939837,HSMR
36070983,ABIV
35928172,RMS
36062725,WFSC
36048699,GCAS
35942337,HSMR
36177366,IEJ
35940562,BEPS
36056545,ETSG
36071267,RHG
36049828,PCWOH
35939494,RAPCP
35942466,NPMR
36055880,BODT
36048564,RPVFC
35928439,CSKS
35939669,KPU
36178126,PEH
36055821,SCPIE
35942836,CICD
36048740,OEP
36057143,FAWG
36177161,VLDTI
36057217,ARWBA
36063412,ACN
35942945,CRBDO
36057350,LGCV
36177505,PIS
36048861,DWR
35927899,CVHP
36061664,PACIM
36071161,BLAT
35943032,DABE
35940954,IOP
36177639,BMPSR
36062139,ICDCD
36071216,JHCB
35941426,ESO
36177960,CFN
36048075,WGRV
35941052,FSCF
36062215,BEPS
36055755,EFFS
35941663,CRBDO
36071542,QQTM
35939818,MEVCW
36062954,TTRFP
36056059,VNB
35928424,CPERH
35941805,RHG
36177606,RPVFC
36056392,PBSP
36062753,SCC
35942198,CSCS
36048456,CSKS
36177967,CDI
35940282,PACIM
35927995,CICD
36178068,SSASD
36048772,CDU
35943386,LMDDE
36055853,ILCEE
35939780,ICDCD
36061860,ABC
35928801,VLDTI
36178197,SGA
36070526,SGA
35940069,TESDC
36177057,DWR
36056259,BISRE
35940369,CICW
35943616,FTN
36057130,ESDCF
35929177,CTVSC
36071925,CSKS
36057308,ABC
36048572,ICDCD
35928040,CICW
36070962,CBDEC
35942187,IDPC
36177284,IEJ
36048635,JTR
35929381,WFSC
35939993,CCCCA
36062347,CDOE
36177307,GGRHE
35941596,TTRFP
36048247,BGT
35928112,CDPB
35940135,OEJ
36061971,MLS
36056355,MFPES
36177958,MLSSF
35928347,PIS
36048359,CTKIC
36064598,GQMSO
36059609,RWG
36177612,IJARB
35928429,LAIH
35942145,MAD
35939757,GHHMD
36059832,TTRFP
36061936,CDU
35928488,CTVSC
35942242,ESDCF
36056038,DABE
36178601,DCCT
35940172,WGRV
36071750,BOC
36056074,TTCR
36178092,GGRHE
36048298,VVEOT
35942688,PBSP
36062915,FCRC
36071825,ESDCF
36178279,VNB
36048519,VIM
36062001,UHDSL
35942934,ACN
36071077,ESIDP
36048751,WGRV
35933706,BMPSR
36062028,SAH
35942596,SRH
35940619,ATB
36070869,PETDC
36048850,CSKS
36057188,ESIDP
36062918,BISRE
35939912,ATB
36071234,VLTBO
36179954,BLAT
36063509,CDI
35939976,GCCE
36073364,GGRHE
36063776,ESO
36058612,PCWOH
35943033,IDPC
35940201,PCWOH
36062014,SCSK
36074628,BGT
35941613,ESPSS
35940290,GQMSO
36062112,CLC
36177293,BRINM
35928535,AAAC
35941833,VVEOT
36056049,LGCV
35940379,BLF
36063538,GHHMD
36178105,HJM
36048106,PPS
35942845,PIS
35928806,OEP
36070859,GHHMD
36177744,CWCA
36064190,PSPS
35941533,GQMSO
35928393,FENCC
36049013,VFOF
36071202,IJARB
36178059,TSTT
35941614,CLC
35928458,BISRE
36178791,PIS
36056473,CTD
35940550,SCQSL
35942299,CFN
35928771,VBCW
36048360,IOP
36059127,BGS
35940030,RTP
36072536,GCAS
35929150,EFFS
36063308,BOC
36048665,DWR
35942554,BGT
36179174,CSKS
35929041,TTRFP
36072697,CPERH
36062652,JHCB
35942766,DAI
36178144,CCCCA
36056353,CVHP
35928656,VRSRM
36073576,OEJ
35942406,FAWG
36178511,ESO
36056980,UTVT
35928693,BOCDC
35942618,AQGRM
36064131,FTPJB
36178190,GCDQP
35928763,HSMR
36048686,LSC
36062329,ACS
36056187,RHG
35942758,OGC
36178364,PLSG
36049035,WGRV
36070801,CSCS
35928772,GCAS
35940064,LSC
36178043,ATB
35943819,AIPIU
36064411,MFPES
36178428,APATD
35941359,BDCG
36064470,CRRL
35930100,JHCB
35944030,SRA
36056684,PBSP
36064575,LTV
36048547,RMS
35940145,HJM
36057315,CSCS
36049673,DCCT
35929015,CSCS
36177799,GPCFU
35940923,LTV
36057061,OEJ
36071768,ACS
36178141,BISRE
35941914,AIPIU
36056354,SCPIE
36048277,DABE
36072082,BAP
36062945,PWP
35940412,FEV
35942087,PCWOH
36048915,ACN
36063435,FRMHT
35928776,RWG
35942347,AADQS
36178498,APATD
36056578,SAP
35928965,LGCV
35942455,JTR
36181009,AAAC
36057185,PCWOH
35929351,RAPCP
36062755,CRBDO
35942869,ETSG
36048739,ABIV
36056572,BAP
35929125,ACN
36177762,GAS
35943149,UTVT
36049179,TESDC
35940261,FEV
36072125,RPVFC
35928997,FTPJB
36178291,DWR
36049239,CWCA
35940306,VTEP
35943997,FENCC
36072369,CDPB
36049475,BEPS
36063171,CTKIC
35940050,RCMRR
36070898,CTKIC
36057379,OEJ
36048782,ISRPR
35941078,ATN
36071200,FSC
36056534,DCCT
35941641,FAWG
35942718,LAIH
36063455,PCWOH
36071270,TTRFP
36049345,CRBDO
35943693,BEPS
36063642,ILCEE
36178142,EFFS
36057445,EFFS
35942095,VRSRM
36178387,MSAT
36049621,OEP
35940618,QQTM
35942663,VRSRM
36062849,WDBPP
36072176,TTCR
36048680,GAS
36063360,PSPS
35942035,PLSG
36056511,GCDQP
36049371,CDI
35941053,RAPCP
36072352,CRBDO
36179066,CDPB
36049503,CTKIC
35941174,HAH
36071290,PEH
36057265,BGS
35942828,RTP
36178155,COSAF
36057015,GAS
36071616,BLAT
35940376,RCMRR
36178421,GCCE
36057103,OGC
36049612,CSKS
36071233,LSC
35943285,BITN
36178772,HJM
36057471,PEH
36063212,CICW
35942393,ALDGL
36057226,SCPIE
36179932,ILCEE
36048843,PEH
35942632,SESS
36057565,RPVFC
36180141,CSKS
36048912,FEV
35942846,DCCT
36057846,KPU
36071942,MSAT
36178290,PCWOH
36048949,TPCH
35943532,SIL
36056778,PDAIA
36071395,RMDAC
36049526,SGA
35942109,GQMSO
36062619,CTKIC
36056859,PWP
36178492,SCC
36049734,GQMSO
36071699,ATN
35942469,BDCG
36063002,RETDG
36049334,RWG
36071795,TPCH
36058466,HAH
36049472,PBSP
35943358,CCCCA
36057045,RMS
36188724,MAD
36178916,OGC
35944199,AQGRM
36056786,ISRPR
36185069,CDU
36071525,GPCFU
36063425,IDE
35944323,CICW
36056963,VFOF
36185149,SRA
36071984,ILCEE
36179743,OEP
36050050,ISRPR
36056851,ESIDP
35942951,ESIDP
36185253,GHHMD
36178119,GCAS
36049465,MSAT
36072258,VLTBO
36056965,PETDC
35943059,IJARB
36185152,ATN
36178208,IHSAN
36063336,FTN
36072493,RTP
36194165,GLRAT
36179290,DCCT
36186366,MFPES
36057449,BEPS
35944695,CWCA
36071360,FENCC
36179701,SCPIE
36057935,RWG
36186453,BCCW
35942373,ABIV
36179422,OGC
36056886,VVEOT
36186632,CTVSC
35942693,BISRE
36049462,FEV
36072381,BOCDC
36178400,ESIDP
36057320,WGRV
36185173,ARWBA
36049053,AIPIU
36196364,LSC
36178546,SAP
36063464,CDPB
36185282,BAP
36058018,PACIM
36194089,VIM
36179524,CSCS
36049258,ILCEE
35942728,PCWOH
36070998,BRINM
36195081,ESDCF
36179596,BOCDC
36049917,KPU
35943096,FTPJB
36063846,PBSP
36186200,SAP
36180338,SAP
36195162,BAP
36050454,GAS
35942423,LAIH
36063915,CWCA
36056729,AADQS
36185817,FSCF
36071181,MAD
36195386,SAH
35943197,WGRV
36064107,QQTM
36179022,VFOF
36071791,SRH
36049934,BISRE
35943249,COSAF
36180640,BAP
36063211,HBNPA
36186858,CRBDO
36194383,FCRC
36179572,FSCF
36065612,BGS
35942804,RMS
36051206,LTV
36057659,VBCW
36179965,PLSG
36065901,CDI
36185451,PLSG
36058313,TSTT
36178627,SCSK
35942502,SCPIE
36063078,EFFS
36071901,GCAS
36056999,CDI
36178326,CLC
36185968,ABIV
36072087,BFEF
35942631,MSAT
36057186,COSAF
36185437,SSASD
36194707,AADQS
36071160,BMPSR
36185565,PBSP
36050508,BGS
36071402,CDOE
36063738,TTCR
36194937,TONP
36049312,WFSC
36181417,BRINM
35943584,SVAGE
36071229,OEP
36063096,ARWBA
36056966,FSCF
36049386,CRBDO
36194321,MLSSF
35943007,CICD
36185656,HFWS
36063533,RTP
36057100,CDI
36071405,PACIM
36185680,ABIV
36178398,SSC
36051388,MFPES
35943913,LPHSC
36063908,BISRE
36186238,TSATF
36049695,RMS
35944097,WFSC
36059259,CLC
36179261,UHDSL
36063967,BLAT
36049936,PCWOH
36072425,BGS
35944192,MLSSF
36057194,MSAT
36179522,CRBDO
36195230,BLF
36049388,CWCA
36071409,BOCDC
36186900,TSTT
35943049,JTR
36057639,MAD
36179566,CSCS
36195371,FENCC
36049533,MAD
36065213,SCQSL
35943219,HAH
36050284,ABIV
36179094,KPU
35944270,SCC
36057874,IHSAN
36185889,TESDC
36195507,IDPC
36182319,QQTM
35943034,DWR
36058042,CCCCA
36186008,GPCFU
36194527,RMDAC
36064361,VBCW
35943786,FRMHT
36050758,MLS
36057246,ESDCF
36179455,IEJ
36063814,LGCV
36049387,VVEOT
36057577,RMS
36064059,ABC
36073070,ECS
36186413,VVEOT
36058752,TSATF
36049601,TDCC
35944061,BISRE
36179702,BODT
36071602,FTN
36185737,LSC
36049900,SAP
35944237,MFPES
36057564,CSCS
36072708,VLTBO
36064655,BRINM
36186078,EFFS
36195193,TTRFP
36058243,SSC
35942680,CLC
36050441,TSTT
36073360,ILCEE
36194648,BISRE
35943323,SSC
36049805,ATN
36189070,CCCCA
36075831,GAS
36195134,CRRL
36049840,CLC
35943754,CWCA
36186270,HAH
36077160,JHCB
36058034,VLDTI
35942937,IJARB
36178659,ABC
36194975,JHCB
36186321,BRINM
36077376,SAH
35942855,HAH
36179376,ETSG
36186406,IHSAN
36077463,RMDAC
35943076,VLDTI
36049430,HBNPA
36058246,TSATF
36186677,BODT
36195402,VLTBO
36071672,TSTT
36178729,VIM
36058409,ARWBA
36049952,PLSG
36186747,ESO
35944450,FEV
36196197,SCQSL
36179344,BZW
36071908,VIM
36058373,LPHSC
36050375,PETDC
35943045,PWP
36196532,PACIM
36179553,PCWOH
36072179,FEV
36058473,BDCG
36049851,KPU
36187083,DABE
35943848,LSC
36179164,GGRHE
36195714,WOBKC
36050209,SSASD
36058670,CWCA
36186142,RCMRR
35944099,BAP
36072757,VLDTI
36186323,SVAGE
36195389,BODT
35944210,GHHMD
36057447,VBCW
36050310,RWG
36071684,PDAIA
35943436,ACS
36057518,IHSAN
36195769,RPVFC
36178885,MLS
36057900,IEJ
35943844,GCAS
36050541,CPERH
36071848,ABC
36195924,FTN
36058608,EFFS
35944138,ICRR
36072119,WGRV
36194474,BEPS
36058795,ESO
36050236,CRBDO
36073666,DABE
36179723,ABIV
36060938,IDPC
35943060,IHSAN
36050112,ICDCD
36180226,BZW
35943179,RAPCP
36187265,SIL
36058061,FSCF
36179093,ICDCD
36072099,ACF
35943100,PWP
36187387,BOC
36059503,DCCT
35945425,BCCW
36194986,DWR
36179446,COSAF
36072735,FRMHT
36057434,GCCE
36050460,PPS
36195332,MFPES
36072818,DABE
36180109,GQMSO
35945731,VFOF
36194923,ACN
36180200,VNB
36058189,PSPS
35945812,CVHP
36195836,JTR
36058100,BOCDC
36049960,VRSRM
36180311,SESS
36196147,ATB
36058648,WGRV
36050029,FSC
36186116,DAI
35943061,ECS
36179089,SCC
36194674,MFPES
36073728,AAAC
36050142,PIS
36179444,DABE
35943337,RCMRR
36195276,ETSG
36063882,VBCW
36050276,BGT
36074052,ATB
35944198,MSAT
36050396,PWP
36058139,PLSG
36063255,SRH
36179597,BISRE
36074223,GGRHE
36187450,SESS
35943211,DWR
36058217,GQMSO
36063810,MAD
36195429,RHG
36050590,HJM
35943136,BEPS
36063217,AQGRM
36195316,SCPIE
36186651,SSC
36178918,BISRE
36049768,CWCA
36071889,SGA
36058593,AQGRM
36179298,ESPSS
35945066,PBSP
36195097,MFPES
36072098,MEVCW
36189288,CDPB
36058314,RMDAC
36181477,CFN
35946166,MLSSF
36195449,IDPC
36072209,GQMSO
36186097,BEPS
36058102,BDCG
36181868,CDU
36195698,HFWS
36072121,GGRHE
36186820,GVL
35944937,FSC
36058245,PTGMF
36049787,MAD
36196546,ICRR
36187057,WFSC
36072175,PWP
36182471,PCWOH
36058491,MLS
36046180,BAP
36050131,BRINM
36064587,NPMR
36072322,GGRHE
36179113,AQGRM
35943128,NPMR
36197316,LPHSC
36050511,SCQSL
36063547,ABIV
36072803,SESS
35943198,SGA
36057630,BOC
36194961,BFEF
36073172,SSASD
35943251,TTRFP
36181583,RAPCP
36057936,BMPSR
36075621,NPMR
36186033,LPHSC
36179858,SCPIE
36058974,OEJ
36063976,ICRR
36075463,OEJ
35943634,OEJ
36180883,GCAS
36057633,PTGMF
36075590,GVL
36064049,CDI
35944552,SESS
36195308,ESDCF
36051248,BEPS
36186612,CCCCA
36072027,APATD
36195737,FENCC
36050901,FGSD
36059638,WDBPP
36063937,PLSG
35946069,IDE
36179318,GGRHE
36073097,ALDGL
36051200,SRA
36057681,SSC
35944171,RETDG
36179653,BMPSR
36050617,SESS
36063651,BFEF
36187038,ETSG
36075597,PSPS
36050711,VFOF
35943667,PSPS
36064229,OEJ
36186089,OEP
36058299,BITN
36196231,VIM
36072781,LGCV
35944443,TSTT
36187201,PLSG
36065195,CDU
36058998,AQGRM
36195137,GQMSO
36073243,RAPCP
36187564,QQTM
36063959,GPCFU
36058828,CVHP
36050785,BEPS
36180266,IHSAN
36072380,CRBDO
36064113,NPMR
36058204,TTCR
36195925,BEPS
36050948,AALC
36180456,AAAC
36064323,BODT
36196103,OEP
36058358,HBNPA
36065347,GHHMD
36186135,MLSSF
36179935,VFOF
36195426,ETSG
36065610,CDI
36073067,MAD
36058505,GCAS
36186286,APATD
36195588,BAP
36050968,ACS
36058987,VTEP
36180006,CDPB
36195127,BISRE
35945090,PBSP
36187276,FTPJB
36073293,AIPIU
36179613,FSC
35944155,GVL
36067946,ABC
36051754,CDPB
36186340,GLRAT
36179927,ETSG
36058729,BLF
36068261,GCDQP
35945033,GGRHE
36073850,IEJ
36180152,CFN
36058836,DAI
36052248,QQTM
36195345,NPMR
36065106,BITN
36180159,GLRAT
35944105,DCCT
36051265,FTPJB
36195480,RAPCP
36063780,RHG
36058584,PACIM
35943973,OEP
36195861,GLRAT
36064867,JHCB
36180463,SSC
36072510,CLC
36058050,FCRC
35944470,HFWS
36180530,CDPB
36073043,CSCS
36195157,HFWS
36058133,JHCB
36054449,ACF
35944666,CSKS
36188725,BOCDC
36058242,ACS
36179647,TSATF
36050757,ICRR
36072630,GGRHE
35944751,CSCS
36066364,ICRR
36058832,CBDEC
36186326,SAP
36179536,SGA
36066600,VRSRM
36050828,RHG
36072763,BISRE
36186623,TTCR
36058120,SGA
36051213,VLTBO
36073156,RAPCP
36064982,BOC
36187856,BDCG
36179784,MSAT
35944028,FSC
36073570,MAD
36195547,CRBDO
36187019,TDCC
36051435,HSMR
36064450,JTR
36187383,HFWS
36060375,TDCC
36064716,BISRE
36051538,WOBKC
36196212,RTP
36074253,OEJ
36186920,QQTM
35944355,FENCC
36064961,ESO
36058481,DAI
36072527,BITN
36180301,CICW
36065105,HBNPA
36196002,RHG
36058613,BFEF
35944204,QQTM
36072720,VBCW
36064083,OGC
36058818,LMDDE
36179970,PETDC
35944550,TONP
36073347,BOC
36064283,PSPS
36052621,BZW
36196467,SRH
36180513,KPU
35944814,BEPS
36072495,RCMRR
36180694,BGS
35943697,GLRAT
36188121,SWRT
36180873,PIS
36072541,PBSP
35944507,CRRL
36064140,ECS
36187491,CTVSC
36180969,AIPIU
36050888,BGT
36072600,CWCA
36059197,AADQS
36188017,RMDAC
36179953,FEV
36072694,SCQSL
36051058,CTD
36197097,ESPSS
36180688,CDPB
36064540,PSPS
36050916,PACIM
36058031,BFEF
35944250,RMDAC
36187306,CDOE
36196239,CDU
36180137,VVEOT
36058398,ACS
36050677,VLDTI
36072516,WGRV
36179815,MEVCW
36058506,CLC
36050759,RMDAC
36187082,LPHSC
36180392,IJARB
36196886,CTKIC
36059528,ESPSS
36073374,GQMSO
36180944,LGCV
36053908,SCC
36064345,SIL
36059566,SAP
36075241,FTPJB
36181241,MSAT
36053983,PBSP
36064439,ESO
36187302,LPHSC
36058247,LPHSC
36181322,MSPE
36065447,MLSSF
36187127,SSASD
36058218,RPVFC
36185055,BDCG
36072862,FSC
36065704,KPU
36186819,ESIDP
36058244,ATB
36195683,TONP
36187076,AIPIU
36072497,DAI
36058391,SCC
36187707,BOC
36181057,ESIDP
36059064,VLTBO
36195866,SESS
36050692,PSPS
36065834,DWR
36058896,CDOE
36196399,VIM
36073350,MSPE
36051358,TTPDN
36064144,VBCW
36187336,ABC
36059644,RETDG
36196598,GCCE
36073569,AMHH
36180836,RWG
36058867,ECS
36191277,UHDSL
36196685,VNB
36064902,FSC
36050803,RMDAC
36072850,PDAIA
36059029,FSCF
36197336,LTV
36051423,PLSG
