22226076,CMCV
24648301,BNSS
22238037,NMSAF
24648427,REA
22242444,SOCC
22239031,SPD
22246940,DTGTV
24654371,AMVL
22225634,FEPCI
24650477,POSS
22238017,SPI
22233630,IBAA
22225774,VST
22238842,HHT
22238083,SPC
24649964,EHMA
22246906,AJS
22242582,SWFFR
24655432,CPH
22238741,HTAHC
22225933,BFQTG
22348683,RJMBS
24655229,LBT
22233804,SSPCT
22238767,CMCV
24650870,TDRCT
22226015,GDABL
24646096,VUAF
22352757,SPD
24650701,OSVG
22352640,DBSPP
22233723,MSADP
22243146,DHCH
22233866,IGNCC
22231630,EODSP
22238575,SCTTS
22246953,STMDT
22226004,ESW
22247288,CDC
22239266,PCAO
24648731,CGS
24649344,CEEA
22246932,MCDGA
22238601,BCCTB
22348803,HTAHC
22229921,MSFR
22349349,SHNF
22243704,MCDGA
29008324,IOB
24648841,PCPS
22243995,SSFI
22246975,CHSO
24651047,BVWMC
22352853,DIPDS
22243589,SHNF
29008517,BLSC
24652215,BADRR
22352833,ECB
22235207,SSPCT
22240078,CHSO
22240310,BIART
22226499,NMSAF
22349276,GFD
22226337,KBG
22242805,EODSP
22243206,LTS
24655299,PBPF
22234370,GTF
22350157,DIPDS
22239054,EAVCG
22247786,MCDGA
22247888,SWFFR
24647931,DKFP
22243336,VESFR
22349376,RSWUC
22239100,RJMBS
22352824,MTCC
24654281,LNAP
22239466,SSLAE
22243215,TEP
22243335,PSGT
22239589,FVAI
22226467,ECB
22348591,ECB
22243197,UNSCA
22226560,PNCQ
24654012,CCVA
22234487,RPAN
22349619,DPPN
24656145,PAP
22349305,PSGT
22228286,BTPF
22349683,MTCC
22349435,CGD
22349620,TEP
22226659,HHT
22352876,WCWS
24650788,RMOSE
22226533,RCAI
22243946,WCWS
24650967,LBT
22243487,HHT
22352627,SGTC
22234468,FVAI
22353069,CPUI
24646411,LDPV
22239796,SEP
24654239,JSDTC
24651310,TFES
22230423,FCVL
22351620,RSWUC
22234746,EYRE
22230326,FMATB
22235418,CPBPR
22349112,FCVL
22243404,HSF
22237673,PEPTD
22350147,GFD
22238306,KPW
22230852,MSB
22247292,STMDT
22234527,UNSCA
22243454,RCTM
22239393,DHCH
22227026,EPVB
24652259,PSTM
24654250,HFRS
22230307,IBAA
22243731,PNRC
22244412,CPH
22235144,RSWUC
24650027,CSSH
22247664,AJS
24651024,RACC
22228385,TAF
24654258,IPWDA
22246182,CSSH
22246480,MSADP
22352874,BVGD
22243289,PNRC
22239950,DHCH
22239431,SCS
22239746,AKLRK
22236042,PCPS
24646426,VRD
24654178,FEPCI
22230138,MSB
24652211,PDGS
22235710,MCV
22353558,PGUCU
22247842,CPBPR
22235214,TAMGC
22349369,DFCLO
22239817,RJMBS
24655398,FEPCI
22349820,TGL
22247434,EWC
24646979,CWMI
22239997,SPI
22244021,CICT
22239553,TEP
22244157,PRCJA
22353319,ZOPDC
22247628,CCVA
22349699,AKLRK
22240256,ARET
22243970,HSF
22247585,ARSE
22227064,PPBB
22227297,PNCQ
22230430,WSMGD
22235115,PATAV
22244618,CDCP
22235167,CRMS
22352970,CCLRE
22240208,HSF
24646443,LTS
22349708,CCVA
22240202,FVAI
22227100,VRD
24652387,LNAP
24655415,MVOS
22227113,DBSPP
22247586,CHSO
22247675,MCR
24654461,OSVG
22233126,AASRI
24648184,RARI
22244825,TGL
22240311,CSSH
22227497,MCYS
24652251,CCVA
24654425,PGUCU
22239709,CSSH
22244644,MSADP
22231605,JESSC
22236066,AKLRK
22227510,ASDH
22353117,HRA
22230293,KBG
22247652,SOCC
24646390,HETA
22230529,FVAI
22244431,STE
22353608,CCLRE
22240399,FRS
22231257,RJMBS
22227318,BVGD
22240592,EHMA
22244866,ERQR
22235250,EHMA
24654606,SWFFR
22227332,NIMS
22235315,FVAI
22230394,VRD
22240080,IVO
22235333,PCPS
22245197,JSDTC
22349857,DRODR
22247935,AMS
22227284,HWDPH
22247677,STE
22230324,GDABL
22354323,OPB
22354364,QLCA
22227265,TAF
24646559,LABW
24646435,HEM
22349145,BVGD
22236233,STE
22240290,STE
22230553,CRMS
22227568,SSPCT
22227345,DFCLO
22227471,ASDH
22227381,NMSAF
22240781,JESSC
24651404,MVOS
22244531,CFJVC
22244788,IAA
24654452,PBT
22240654,RSWUC
22353332,SPC
22247894,DHCH
33299849,HMKM
24650329,MDHD
22353424,STMDT
22348716,HETA
22227422,NCRPR
22348972,IUW
22231363,TAMGC
22353548,MTCC
24646886,LDPV
24654557,DNAHV
22235572,AJS
24646905,AEPCF
24646540,VUAF
22230877,MGNBF
22245429,VCC
22227508,BFQTG
22231500,ARET
22248430,MTCC
22350389,STMDT
22248663,IGCA
22240767,ERQR
22231496,FMATB
24646750,RACC
22236728,BSS
22350325,EMRI
22245370,BIART
22240282,VESFR
24651133,HEM
22245353,SPI
33299939,QWAL
24654501,VUAF
22227496,MBTWB
22236591,NMSAF
22244907,STMDT
22236274,PEPTD
29008453,RCMBM
22235968,MSADP
22245515,SEP
22248002,HTAHC
24648909,RMOSE
24652601,OSVG
22230625,OSVG
22230707,DBSPP
22350420,TNRB
22246427,IGCA
22227606,AMSVP
24654629,BAL
22231390,CAAA
22227592,FVAI
22230906,HHT
22245334,CDC
24651262,MVOS
22231195,PPBB
22248202,CHSO
24653734,AWW
22353571,HEM
24648264,BIART
24655740,TDRCT
22231472,SOCC
22248552,CICT
22231690,AMS
22245925,PPBB
22236532,ESW
24655266,BAL
22236738,RPAN
22245926,MTCC
22228284,PDR
22248416,RSWUC
22350755,CSSH
22231567,AMSVP
24654917,PNCQ
29008723,TFSB
22245135,HSF
22228080,TTCB
22351295,STMDT
22228095,WSMGD
22246336,PSGT
22353849,LIMA
24646697,PCPS
22231487,ERQR
22228100,NCRPR
24651736,PCPS
24646967,DPPN
22231601,TAF
24646990,BNSS
22245111,REA
22248345,SSLAE
24650074,MCAT
22248277,MCR
24652715,SWFFR
22245578,HETA
22236607,TEP
22227863,NCRPR
24651531,EVPJ
24652631,CMFP
22245359,SSLAE
24648542,GRTLE
22236448,STPMI
22243812,SPD
22245320,AKLRK
22243976,EBGA
24652609,AJS
24651894,MPADC
24647017,LCSA
24649017,PDGS
24651607,BAL
24652718,BPHY
22231937,MSSL
24655946,MCYS
22241145,RCTM
22245896,WCWS
24651716,OSVG
24653046,CCVA
29008904,ETAAW
24650101,IISCP
22350800,COPBN
24647027,MBSD
22350808,GCB
22354191,ODBAR
22236589,SBATM
24655436,HFRS
22241224,EODSP
24649225,RBTR
22350804,DHCH
22232048,NCRPR
22236968,VESFR
22241391,ESW
22232213,AIR
22248857,AAALT
22236904,KPW
24653233,TEIT
22241526,SEP
24648561,FCVL
29008689,FASHB
22233513,PDR
24656801,AIR
22351365,CPUI
22245568,CMFP
22236853,MSADP
22248493,SWFFR
22241786,RCTM
24655442,PPSCS
24656272,TIASF
22245934,AJS
24653743,AMVL
22246303,NFVB
22354022,AMS
22249405,AMZ
22248619,BIART
22237945,HTAHC
22228468,RJMBS
22248794,CGD
22231835,EPVB
22228257,LCSA
22231963,PPBB
24651776,MTCC
22246349,HEM
22242977,EYRE
22245961,AASRI
22354127,BADRR
22246028,ZOPDC
24647184,NGPK
24647306,PSNW
22231968,EMRI
24647089,TTSS
22228564,FASA
22237658,ESW
22248916,CSSH
24649564,BIART
22238549,FRS
22248630,GCB
22241412,AJS
22229176,GRNSC
24653121,BNSS
22229221,GRNSC
22229684,RTB
22237746,VST
22231975,TTCB
24647328,REA
24651740,VRD
22246841,IUW
22228421,GDABL
22228500,BVGD
22238029,RACC
24652663,PGUCU
22233112,FVAI
24647276,RPBT
22244282,GCB
22351325,SSLAE
22237222,CHSO
22249028,RSWUC
24656235,MVOS
22233053,MSADP
24651828,URPN
24647288,DKFP
22238285,RCTM
22237424,RCTM
22237782,DTGTV
22237808,LCSA
22238068,CVQ
24649452,HHT
24656214,WSMGD
22248981,ZOPDC
22354013,DIPDS
22238071,SCSS
24651897,CSV
24648554,IAHD
24649235,PIHSW
22354286,CCLRE
22351786,LVOL
24651786,LBT
22241570,SPD
24650819,WSMGD
24648173,MTCC
22246195,IUW
22246219,DPPN
22248791,CCVA
24650264,BNSS
22238023,BCCTB
24650386,PGUCU
22237182,DTGTV
24656613,HFRS
22355101,LBT
24649400,SEP
22233554,EPVB
22241604,AAALT
22248901,FNP
22355585,MCW
22248939,EHMA
24651824,LNAP
22237484,GTF
22241577,IMCGG
24656992,PPSCS
22249271,RJMBS
22354293,CPUI
24656632,SWFFR
22232556,PATAV
22361388,TNRB
22246598,AASRI
22241903,RJMBS
22355246,ERQR
22241666,ARET
22360000,BEST
22356140,GFD
24653109,PCPS
22249079,MTCC
22356672,NGPK
24653281,QLCA
24656945,GCB
22360020,PBD
24652976,AMS
24649627,TIASF
22246642,AKLRK
22348123,SMB
24657455,PTCIC
24653379,DNAHV
22355597,LIMA
22360417,NGPK
22364884,HGM
22241889,SOCC
22347840,SIWC
22365494,VRD
24657768,OSVG
22242463,SSFI
24649612,RACC
22356055,PIIRT
22243550,MSFR
24656537,PBL
22361362,PIIRT
22356381,ODBAR
22364709,SPI
22249464,BIART
22242159,MSADP
22349261,COPBN
22359949,DIPDS
22355559,IAA
22249119,TEP
24653279,SEP
22355630,PBPF
22241948,CSSH
24657836,MPADC
24658271,ROHF
22364834,AADYM
22249430,SAAW
22368766,RISG
22347886,EWC
22360299,DBSPP
22355913,BNSS
24657869,EMSLG
22354498,PSF
22374436,AIR
22364755,VRD
22365077,TMAI
22351895,RPNG
22355154,RSB
22360157,MCYS
22368890,GBRPT
22351657,SIWC
22360416,GMMD
24656603,PSTM
22360501,TTTC
22360517,MCV
22354901,URPN
22369690,TSW
22249324,MSADP
22356253,RLSS
22355867,VST
22374120,VPLAC
22355847,RPNG
22369080,GMMD
22356518,GMMD
22365551,MTCC
22355812,IGCA
22365329,TNRB
22355398,LVOL
22347982,CEW
22360853,GFD
22360913,GRTLE
22369049,LBT
22365656,PGUCU
22354579,CEW
22352147,GMMD
22374042,AMQ
22355201,MSADP
22369172,ACCTP
24657853,RMOSE
24658899,HFRS
22374586,MBARC
22352142,CPEL
22356330,PCAO
22364487,PBPF
24653283,PMCS
22355297,DBSPP
22356010,AKLRK
22369499,PGUCU
22347897,CFTCR
22351835,PIIRT
24656751,VUAF
29008911,NSE
22348387,SOCC
24657076,NMSAF
22374314,SBATM
24657922,SEP
22369320,WSMGD
22372948,RDJG
22352427,AASRI
22354927,RPNG
22369781,GBRPT
22355428,IUW
24659274,NMSAF
22348459,GFD
22374709,TPAC
22356950,LBEA
22353729,DKFP
22375189,FBED
22370571,WCWS
22369582,IASWR
22355018,SGTC
22356511,GFD
22350762,LVOL
22365500,BEST
22365560,PIHSI
22356670,EHMA
22354965,CDXE
22374260,PCPS
22374731,MCV
24661994,CWNIR
22354997,FNP
22355256,CFJVC
22375745,SEOMR
22379093,STMDT
22379206,TFES
22379299,CBTBS
22366264,TIASF
22379377,GMA
22352276,CDC
22372304,BADRR
22356698,CEW
22357784,IASWR
22361324,IAA
24657445,WFMI
22375217,SCSA
22366177,PVFHT
22372166,DGMDR
22380368,STMDT
22355614,SMB
22416902,PSOS
22370596,VCC
22367236,PCAO
22374678,PRCJA
22357153,LVOL
22379795,OFRP
24659868,IMG
24660251,RPNG
24656621,CGS
24660502,NIMS
22419928,GDABL
22357723,LIMA
22356790,GFD
22365770,TAMGC
22361521,AADYM
22355072,PSS
22357333,STMDT
22417011,DEML
22379277,CSE
24659422,GCB
22374739,ROHF
22361272,CPWEP
22357540,HSF
22357019,ARSE
22373655,MBARC
22366116,GMMD
22375116,RDJG
22362966,FASA
22370425,AIR
29009154,LLWDW
22357187,GMMD
24659862,RPAN
22361719,PVFHT
22422096,TMAI
22357673,URPN
22375104,CVQ
22361874,AASRI
22375325,CFKIE
22361925,RERCD
22377219,PRCJA
22377430,LDPV
22417439,TFES
22379460,AAALT
22370676,IGCA
22357325,IGCA
22420170,GCB
22379488,PPBB
22357276,TTTC
22380144,PSNW
22421539,BVEAT
22362042,TAMGC
22379852,LCSA
22370507,RCAI
22421870,IMCGG
22361852,APFM
22422424,WBE
22380017,ESW
22421567,PDR
22380188,IGNCC
24658993,OCLR
22357522,IMCGG
22366557,PCDD
22375762,COPBN
22361869,PPBB
22366610,MDHD
22366682,AIC
22380109,IGCA
22375242,CBTBS
24659189,FASA
22375760,TAF
22426294,HCLEA
22416993,CEEA
22376098,MCV
22380069,PCCBS
22422830,ARET
22357760,IUW
24660329,PCLAR
22380158,ROHF
22362796,IAA
22380275,MCGPR
22366383,ACCTP
22413689,IAHD
22361962,GFD
22360680,VRD
22380462,RMED
22376411,RMED
22418021,DTPD
22380515,TAF
22375401,TPAC
22357856,PCAO
22358128,CPWEP
22358286,DTS
22417769,MCYS
22376042,IGCA
29009103,MHDDP
22366660,TGL
22357562,KPW
22366766,MCW
22362578,PIHSW
24660094,MPADC
22362914,ARET
22375674,RCSAC
22360185,WCWS
22376181,PCLAR
22362385,CEW
22418048,CFKIE
22363860,GMMD
22370873,SPI
22376869,PSOS
22418286,RMOSE
22366633,DIFA
22422047,CSTHS
22371205,EAEMT
22422242,IMCGG
22363198,GTB
22422801,CDC
22422223,BFD
22417729,RBTR
22358374,NGPK
22376874,DBSCL
22358671,PSS
22358376,EHMA
22373456,IGCA
22375940,APC
22374125,BVEAT
22370749,DBSE
22417979,STMDT
22371568,CIGA
22375520,TBVED
33300357,CGA
22359952,URPN
22363450,RSB
22376059,PBT
22413328,CDC
22358040,RSWUC
22417309,SACLS
22376268,CDC
33300053,WOAR
22414011,RCAI
22372742,RACC
22417775,PBL
22422973,COPBN
22367227,SCTTS
22366841,CVQ
24656989,XFD
22375545,BPHY
22375630,TFES
22370861,PGUCU
22422258,PDR
22366700,IGCA
22370902,FEPCI
22413636,WBE
22375793,RMED
22422748,DPPN
22423448,SSPCT
22368444,RDJG
22417628,PDR
22364218,SCTTS
22418090,AJS
22366958,VCC
22367011,GBRPT
22362895,ACCTP
22357942,DIFA
22376548,BVGD
22362560,HTAHC
22372058,EPVNI
22413735,SACLS
24658782,IPWDA
22363824,XFD
22358586,LBEA
33300108,RAQSD
22358192,BFQTG
22375835,BTVF
22363120,IMCGG
22371380,BVEAT
22422573,UNSCA
22413945,SSSOS
22367730,FASA
22371219,RACC
22376603,OFRP
22372110,ACCTP
22368010,CBCPL
22417891,HSI
22414099,PBT
22372290,AIC
22413544,CAAA
22422617,DFCLO
22371389,GMMD
22363593,AADYM
22362729,LTCH
22359050,FEC
22422520,AAALT
22371624,PCLAR
22419271,CSE
24667898,BCOS
22413630,BDA
22418265,CCMGS
22372752,DTGTV
22367177,TULDV
22371370,GBRPT
22422535,REC
22367282,LIMA
22414280,MCR
22422951,OMM
22419241,PBT
22376534,FBED
22371447,MCV
22372074,IGCA
22371856,SEOMR
22414586,RDJG
22423187,UNSCA
22359444,MCW
22359547,EHMA
29009180,IBRT
24660133,CCVA
22372160,LDPK
22367209,HFRS
22420292,UBM
22426477,PGUCU
22371821,PGUCU
24659093,CBAM
22372393,BVGD
22376241,PSNW
24658806,SSD
22366741,MCW
22422990,WBE
22372088,RACC
22415104,ROHF
22372190,MCV
22358974,AADYM
22422690,MCR
22371795,PSBS
22418836,BODFT
22358937,EMRI
22418282,AELEW
22359301,GMMD
22373018,AAALT
22373058,PGUCU
22413952,NMSAF
22419861,DBSCL
22372361,LBT
22424717,CSV
24656831,TIASF
22376767,BVGD
22367516,HGM
22367395,MCW
29009083,TESPP
22423390,CEHBJ
22358970,DTS
22373115,TPAC
22426118,PRCJA
22376551,SACLS
22368380,SCTTS
22414514,EYRE
24659970,IBAA
22359612,LVOL
22377083,IGNCC
24658403,SSED
22419717,HSI
24657691,IPWDA
22372073,CFKIE
22418789,PIHSW
22372398,BVWMC
22376736,LDPV
22377066,ECSAB
22374525,RSB
22413846,PNRC
22374753,RMED
24659819,CPBPR
24658249,DAB
22419025,HETA
22423590,TAF
22418462,PSOS
22423260,GWTMT
22419039,TMAI
24660371,CCVA
22360219,GFD
22368883,WFMI
22419414,HSF
24661386,SNK
22369357,HTAHC
22377578,RCAI
22377985,DBSE
22372854,LDPK
22365582,SBATM
24657061,DNAHV
22377397,CFKIE
22364144,EPVNI
24658954,SCJ
22376982,TBVED
24659767,MVOS
29009182,SJFA
24657213,IMG
22419548,CGD
22376931,RMED
22365405,TPAC
22372822,FCVL
22423274,TDRCT
22372909,CFKIE
22377832,IPL
22423706,PCCBS
22359569,MCYS
22414848,PPBB
24657010,DTPD
22372828,WFMI
22370692,BVEAT
22372577,AIR
22367381,SOCC
22420903,WSMGD
22416622,APC
22418949,MCW
24658643,PBT
22359570,LBT
24667866,BDA
22373183,ODBAR
22359864,GFD
22419946,OFRP
22413928,SHNF
22369350,PCDD
22369614,SCSA
22377936,RMED
22378237,AELEW
24657390,HFRS
22377218,SCIAE
22359774,APFM
24657248,BPHY
22414163,PTHAS
22374046,PRCJA
22414441,GDABL
22373047,CDC
24657687,CCVA
22414066,COPBN
22419403,AELEW
22363883,PCDD
22375413,BVGD
22419779,APL
22379089,SACLS
22414945,PCPS
22363901,RISG
22420225,BDA
22373184,EPVNI
22415173,DBSCL
22365246,AMGRR
22414722,PNRC
22364091,HRA
22424137,TTCB
22414211,TAF
22414425,RSB
22359653,LDPK
22424183,TIASF
22359782,CPEL
22359914,AIC
22368836,ESW
22364078,FEPCI
24657287,BPHY
33300063,TETCS
22368171,FEPCI
22424083,TAF
22364896,MBARC
22377441,TSW
22419291,PRCJA
22365216,CPWEP
22424094,SCJ
24660277,FCVL
22368995,GFD
22377736,SEOMR
22377994,BEST
22415385,SSSOS
22360134,RSWUC
22374023,DEML
22364329,SSNLB
22368490,TIASF
22415483,AAALT
22373297,TSW
24660178,WFMI
22368895,MCGPR
22373588,SPI
24658888,PTCIC
22373792,CBTBS
22421080,PBL
22364715,LIMA
22414799,VCIDS
22359799,POSS
22364469,AAJUI
22359903,CPWEP
22373306,RMOSE
22359923,VST
22424499,CIDO
22373290,RMED
22420010,PRCJA
22360499,XFD
24658889,IWSB
22377590,JESSC
22373906,ODBAR
22373947,CVQ
22369244,PCAO
22414534,RLSS
22420048,AMS
22424506,APL
22420111,CGD
22364730,GFD
22420243,RBTR
22415217,SACLS
22364537,GMMD
24660969,ASSB
24659920,PCATM
22420018,CCMGS
22378137,AAALT
22368302,PRCJA
22374112,SSSOS
22415982,CDC
24661911,PNBC
22378071,TBVED
24668034,CPBPR
24668433,BDA
22374235,PGUCU
22415241,CAAA
22374190,MDHD
22377858,SACLS
22415263,REP
22428180,SRB
22420472,CPH
24660304,MVOS
22375020,TSW
22427470,PCLAR
22437952,EMAE
22378859,SCIAE
22378403,GMA
22378668,PNRC
22431475,ESMCC
22427502,SSPCT
22426198,MKV
22378361,PDR
22431891,EPVB
22424415,CSTHS
33300401,PAW
22431986,TTTC
22439688,EBLUG
22424783,AEPCF
22425087,PIHSI
22443075,MCR
22415970,OMM
22425096,BMMC
22424979,EODSP
22433224,PPBB
22415180,SBATM
22425973,CSTHS
22419754,PGUCU
22427522,PIHSW
24660069,IGCA
22442770,OFRP
22440617,CPH
22427288,DPPN
24660431,RCAI
22436779,CIATR
22437909,DAB
22378935,TAF
22434155,PBPF
22440540,GRTLE
22425695,WSMGD
22438009,VPLAC
22437533,BFQTG
22432160,BVWMC
22378542,PDR
22431553,BSBIA
22428241,PCATM
22442565,RSB
22420977,AELEW
22442931,MBFIM
22426575,AMVL
22446044,SCSA
22577554,BDA
22415921,FBED
22433770,DMPC
22428502,ROHF
22434922,GHT
22419987,VCIDS
22415454,TFES
22443731,AMQ
22416137,SCIAE
24661354,PTCIC
22420079,GBRPT
22443665,BFQTG
22429066,SIWC
22437556,EBLUG
22420396,APL
22416969,BIART
22416089,IGNCC
22437919,GRTLE
22415448,PSGT
22420976,PSGT
22415860,AMVL
22434339,PAP
22425121,SSPCT
22427326,ESMCC
22443166,AEPCF
22427291,GRTLE
22443442,GPUDA
22378971,CMCV
22425785,PCATM
22379281,OMM
22426423,HFRS
22379482,HSF
22427845,LDPV
22420898,UBM
22437843,PATAV
22443462,CRMS
22445111,BHMR
22421180,AMVL
22415653,PTCIC
22437485,HRA
22425817,GCB
22443304,AWW
22437762,VUAF
24659588,ACL
22416480,MCW
22424961,SSPCT
22438826,TDRCT
22420261,CEEA
22442520,RERCD
24661716,ARSE
22425364,HRCF
22427552,PCATM
24662009,NIMS
22427586,CSE
22417470,JESSC
22378890,SEOMR
22432462,VUAF
22379504,ASMAI
22432464,SRB
22432315,MTCC
22439718,EAEMT
22579604,FEPCI
22432453,BVTB
22427266,AMSVP
22438363,PBPF
22427304,ERQR
22421339,FCM
22432799,PATAV
22421388,WSMGD
22415904,REP
22425347,DSHMD
22579087,SEP
22427899,DSHMD
22416271,TFES
22437721,SWFFR
22578624,MCYS
22443167,EBLUG
24659757,CGS
22443483,ECB
22423799,CSE
22437959,DGBRU
22426753,CICT
22579132,GHT
22578680,PSNW
22416805,AELEW
24660526,AWW
22432551,PSOS
22438430,AWW
22438526,PASP
22423752,DMPC
22443181,PSTM
22426365,WSMGD
22438306,CEEA
22416095,PSGT
22433042,AWW
22416827,RLSS
22577998,FCM
22417134,RSB
22577624,EGLF
22426027,CICT
22426726,TNRB
22425329,AEPCF
22432604,AWW
22438077,SCIAE
22581005,TGM
22580509,OPB
22581076,SCTTS
22428397,RLO
22438274,AEV
22425668,COPBN
24659762,AIR
22432833,VPLAC
22428083,UBM
22421361,CSTHS
22428679,UBM
22438598,AKRT
22416830,DBSCL
22421042,SBATM
22439083,PNRC
24660075,CCVA
24660322,JSDTC
22439214,AMQ
24660379,IPWDA
22577626,RSB
22438685,GRTLE
22439033,CPH
22579545,EGLF
22579619,UNSCA
22426583,PCLAR
22417121,PIHSI
22438800,DMPC
22439111,SCIAE
22433254,GRTLE
22438400,TFPPR
22433848,DMPC
22425821,SCJ
22421023,VUAF
22433776,FWBD
22444024,TBVED
22582416,ASMAI
22421570,VUAF
22428797,CSV
22426356,ECB
22428833,OPB
22421010,PASP
24660765,IAHD
22433288,SCJ
22416784,SBATM
22429194,BPHY
22419519,GRTLE
22444421,HFRS
24660676,CBTBS
22429339,HSI
22422023,GHT
22578351,SCTTS
22429157,PCATM
22426858,TDRCT
22444914,AEPCF
22426982,PSOS
22579600,FCM
22427161,BVEAT
22421646,KPW
22421734,RLO
22433670,MCYS
22421032,CPH
22444411,REC
22421746,PSOS
22444201,ASMAI
22580038,MSSL
22585439,CSE
22426821,SSPCT
22585574,RSB
22429343,CSE
22421563,HSF
22582963,SSNLB
22434671,FCVL
22433617,BMMC
22580373,PNRC
22429386,EODSP
22434446,AEV
22421606,TMAI
22444467,CEM
22444693,VPLAC
22581634,MSB
22422120,TSWL
22433671,PATAV
24661123,CWNIR
22439440,RCN
22444476,GBRPT
22444491,GTB
24660860,PGIJ
22439235,DAB
29009289,SOBL
22434755,DGBRU
22439411,AMN
22580042,EBLUG
22444416,RDJG
22584197,DSMF
22429587,BPHY
24660937,GCB
24661047,ACCTP
22445685,BHMR
22437684,PSNW
22581181,GRNSC
22444562,CICT
22579882,MBARC
22584995,RMED
22582998,MSB
22591552,RCAI
22444900,SCTTS
22444601,CPUI
22437153,GPUDA
22439780,TIASF
22434464,JSDTC
22440149,AIDR
22589448,CSE
22441053,SCIAE
22429675,TTCB
22580066,EAEMT
22442641,PCAO
22439479,RPRNT
22581391,MAPTD
22594670,MCV
22597534,HSF
22444566,EGLF
22444765,NGPK
22444817,SSFDM
22595235,HSF
22429546,CGS
22440756,PAP
22429289,OSVG
22584482,REC
22433898,CGS
22577225,ESW
22444828,CRBC
22439916,HRCF
24661383,VCC
22445202,CSE
22580969,GHT
22581588,RRAS
22430307,PCAO
22440516,SWFFR
22589729,RRBFT
22580774,GMMD
22589823,MCV
22594816,SCJ
22435456,GRTLE
22585160,ECSAB
22595469,CFKIE
22580609,SCJ
22585095,SSNLB
22581019,ECSAB
22590239,MCGPR
22441141,EBLUG
22429719,ROHF
22437096,SIWC
22585079,WSMGD
22581904,DBSCL
22429611,OSVG
22429871,MPADC
22595892,MSET
22581166,RRAS
22429911,SRB
22430134,TIASF
22440088,MSSL
22584874,MAPTD
22440321,MBFIM
22444906,BFQTG
22590369,TGL
22439995,BVEAT
22585159,RJMBS
22577203,SEP
22441008,LIMA
29009442,BLPDC
22595120,PSGT
22436965,BVWMC
22430636,MPADC
22445570,CPEL
22437245,EGLF
22440160,MSSL
22585227,CEW
22440924,NCRPR
22577375,FWBD
22429927,GWTMT
22445495,MCR
22429997,TGL
22577286,GPUDA
22590524,SSSOS
22581570,EBLUG
22595087,PMBR
22586424,ITDC
22589871,PGIJ
22434956,EMAE
22595462,PTHAS
22577486,RPBT
22439073,LTS
22436380,PBPF
22429810,SCJ
22596882,LDPV
22445401,CIATR
22577352,SRPRC
22597403,PMBR
22445364,AWW
22439584,HFRS
22590096,SSSOS
22584179,ECSAB
22429969,SIWC
22598189,LBT
22595890,SCJ
22430582,CICT
22581670,RJMBS
22590255,PNRC
22430108,LTS
22581126,FEPCI
22430820,HELEP
24660613,PPSCS
22590721,SCTTS
22443468,ESW
22590576,FVAI
22440192,AMGRR
22431160,TFPPR
22440369,TMSE
22585173,IVO
22430299,CDC
22430315,PIHSW
22591839,PETN
22586042,ODBAR
22435136,TFPPR
24661073,CSFC
22430370,BVWMC
22590136,UNSCA
22577679,CCI
22441145,RCN
22581030,LIMA
22435586,AMQ
22440580,DMPC
22436929,PCAO
24661236,EMSLG
22435419,ESMCC
22579360,RPBT
22590251,ASMAI
22579634,IPL
22590299,PDR
22581191,CPEL
22580084,RCN
22581531,PMBR
22433742,AIDR
22590667,PBL
22435019,CIATR
22596165,MSSL
22445930,CHSO
22581106,TBVED
22578115,RJMBS
22440252,HRA
22590862,OPB
22578560,RJMBS
22591047,AJS
22435630,DAB
22579538,SPRE
22444234,RJMBS
22583623,VST
22435734,BVTB
22596241,POSS
22432052,GHT
22436241,EGLF
22434015,BPHY
22579399,SSNLB
22597331,BVWMC
22597500,CRBC
22441471,NCRPR
22585516,AWW
22441866,CRMS
22582206,GPUDA
22441895,MSSL
22430709,DSHMD
22430763,VPLAC
22435212,HRCF
22595946,IETPH
22590654,SRUS
22588497,TSWL
22443015,RPBT
22435707,SSFDM
22431018,SCJ
22440847,AMN
22596190,DKFP
22439396,BAL
22435679,ISVGP
22586344,STE
22592209,SMB
22577596,REC
22581500,REC
22441010,TSWL
22442699,USRJP
22586529,WSMGD
22434425,CFJVC
22440879,SSFDM
22430875,AAALT
22431011,COPBN
22581653,TMAI
22435965,DGBRU
22431052,PPBB
22586047,MAPTD
22591341,VETH
22581849,NCRPR
22596520,CMAVD
22586181,UNSCA
22441556,CRBC
22440980,OSVG
22578081,COPBN
22597231,PBL
22441331,SEP
22435863,MSSL
22582159,CEW
22577571,VPLAC
22431540,MTCC
22442696,RCN
22577426,BHMR
22437385,CIATR
22591335,FEC
22579706,REC
22583273,SSSOS
22436039,SSPCT
22590830,POSS
22577584,BSS
22440956,RISG
22436083,PATAV
22592180,VETH
22594702,SAIFA
22586431,CDC
22596566,RMED
22578038,EBLUG
22578178,GHT
22442008,GRNSC
22431270,AMZ
22596361,BDA
22441099,GTB
22582540,SSSOS
22436295,RCTM
22441302,OFRP
22579704,RERCD
22580494,TMAI
22596335,CBAM
22591237,WSMGD
22577666,HFRS
22596366,ASSB
22583901,CRMS
22436107,CIATR
22436243,CFJVC
22579770,IGNCC
22430967,HCLEA
22596563,RRBFT
22436072,TTTC
22431301,ROHF
22597029,CSE
22441594,HFRS
22592771,COPBN
22579577,TBVED
22436098,DPPN
22577699,HRA
22582791,BDA
22436171,DMPC
22431958,ECB
22579273,CDC
22589412,PIIRT
22441355,RERCD
22437138,CEM
22437440,RIMHL
22579856,MCR
22587032,PDGS
22582637,RPNG
22594498,PTCIC
22591115,DTS
22437188,PNRC
22432272,MCR
22586599,GMMD
22582495,DBSCL
22582625,PSW
22441496,CIATR
22589125,FMATB
22580868,FIFS
22581969,BDA
22597038,TGL
22432659,AAALT
22586458,PSW
22441401,SCTTS
22591793,EBGA
22586323,FCVL
22439894,SCSA
22590120,CRB
22596922,RPBT
22577986,MAPTD
22441444,CEEA
22436817,TEP
22593240,EBGA
22580697,RMED
22580771,EAEMT
22597031,IETPH
22579270,EAEMT
22441976,AMQ
22442081,ISVGP
22431798,GRTLE
22586476,HFRS
22592049,CFKIE
22586230,MBFIM
22586423,RPNG
22592441,GRNSC
22592762,BADRR
22440289,CIATR
22597877,SAAW
22578933,MSET
22443335,AMGRR
22432045,AMZ
22579078,LIMA
22583373,AIR
22597177,URPN
22582373,TSM
24661700,ROHF
22583267,QLCA
24662946,ACL
22597261,PDR
22597304,RTB
22597964,MCV
22442062,GTB
22592217,CSSH
22442802,GRTLE
22597253,CRB
22589701,AIR
22579277,RMOSE
22443671,MCR
22442436,RIMHL
22592076,PNRC
22587799,LDPV
22592481,AIR
22594899,CFKIE
22595257,RMOSE
22602429,FIFS
22603337,SLJ
22582831,GBRPT
22603392,IASWR
22586811,SRUS
22597288,CWMI
22594217,AJS
24661574,VUAF
22594297,COPBN
22607763,SEPBI
22602185,AEV
22588649,SBCCC
22598464,CBAM
22607854,BDA
22592410,SSED
22599206,DSMF
22594516,MCV
22585602,MBARC
22583613,AEPCF
22602790,IUW
22583897,RSB
22709126,URPN
22607507,CPH
22712268,KBG
22602521,CWNIR
22608332,MGNBF
22711502,NIMS
22603188,PTCIC
22599068,RPBT
22583909,PIIRT
22608364,IFR
22583006,EBLUG
22599286,SGTC
29009472,SDPP
22589774,RMOSE
22594914,ASSB
22583292,FEPCI
22711249,YTM
22595349,PTCIC
22711360,LABW
22587590,PSW
22608099,DSMF
22586625,FVAI
22583283,FWBD
24663030,PGIJ
22712522,BDA
22711451,AIC
22607220,TNRB
22602555,PSBS
22603154,PSTM
22598768,PSTM
22711232,FIFS
24661853,PCLAR
22593055,CMAVD
24664556,LTS
22603253,IVO
22584417,CBCPL
22712174,RTB
22583807,STE
22583913,REC
24661270,CBTBS
22595680,CBAM
22608869,RLSS
22587403,RMOSE
22586568,RCN
22608384,NGPK
22712789,ERQR
22608568,GRNSC
22602828,DEML
22600771,CRB
22608728,BCCTB
22595237,CSE
24663062,PBT
24661740,SAPN
24663097,MCAT
22592544,PDGS
24664541,CICT
22708821,PCLAR
22588181,AEPCF
22599937,SNK
22602958,AAI
22595789,APFM
22598360,GTB
29009578,JDW
24662923,PSBS
22712144,CPWEP
22608758,TTCB
22712618,SSFDM
22599721,HSF
22599818,AEV
22594941,HGM
22608442,PSBS
22608934,SSFDM
22598206,PDGS
24662164,CPBPR
22588379,RMED
22603443,DSMF
22600793,IETPH
24661281,PNBC
22599518,HRCF
24664052,AIR
22588016,SSED
24661774,SSED
22608559,GDABL
24661791,EGLF
22599503,EPVB
22608729,CCMGS
22592915,SMB
22608867,TMSE
22587854,CSE
22603689,CCMGS
22583758,PNRC
22606451,AEV
22711941,TAMGC
22586353,DTPD
22588835,EBLUG
22585330,HSF
22595863,PSGT
24663254,AWW
22592549,IAA
22608792,BDA
22593854,ODBAR
22603915,PCDD
24661967,EMSLG
22609183,GDABL
22603295,CDXE
22589311,VST
22608701,MCYS
22599870,PMBR
22603947,HGM
24663332,BDA
22599574,CFKIE
22598566,PDGS
22604318,SCS
22599639,CCMGS
24662412,IAA
22588131,CFKIE
22609891,PCDD
22608988,TAMGC
22589041,ASMAI
22713885,EMAE
22608680,PIHSW
22608933,DEML
22585555,MCV
22604957,DSHMD
22593091,FMATB
22599831,PDGS
22609243,AADYM
22606384,PPLCC
24663238,IVO
22594020,PBL
29009480,CSWT
24662040,BEST
22604520,ZOPDC
24662021,AMVL
24663251,BPHY
22593149,MSSL
22598221,BADRR
22608859,TMAI
22599765,LIMA
22598679,SEPBI
22589066,RMED
22712299,IMG
22589087,MBARC
22708324,MBARC
22712413,MSB
22712711,SCSS
22609395,ACL
22609635,EODSP
22609593,EWC
22589076,MBARC
24664575,EMSLG
22593794,MCGPR
22588652,SAIFA
22715267,PSBS
22609571,RERCD
22715485,MBTWB
22603893,TTTC
22599738,EODSP
22712485,TEIT
24663451,MPADC
22600415,TSM
22708550,CSE
22593837,SGTC
22712057,IPWDA
22712263,FIFS
22593517,CSSH
22715683,BVGD
22715417,SSFDM
22609675,DSHMD
24663305,BTVF
22609721,ERQR
22708248,EAVCG
24662652,BEST
22708521,ACL
22605022,AAI
24662061,IPWDA
24664619,NGPK
22604312,YTM
22606635,CDXE
22600334,CBAM
22715735,RERCD
22715173,ASMAI
22593601,MAPTD
22708900,PCATM
22590045,RCN
22708922,IAA
22711890,TMSE
22709141,CDXE
22588947,SISAC
22593574,TSWL
24663725,VUAF
22600027,DFAIC
22712890,RARI
22589835,CMS
22710427,GFD
24662565,LDPK
22593529,CFKIE
24664748,PTCIC
24663477,MCYS
22593366,WPCSE
22593749,CSE
22592068,DTS
22592725,CSE
24663724,BDA
24664087,DGMDR
22715882,PSNW
22713143,TTCB
22716005,PNRC
22716180,PAP
22600274,IUW
22598782,FMATB
22590059,PETN
22600456,CGS
22604567,MSB
22588693,PTHAS
22708635,ACREW
22604669,PSBS
24662547,VUAF
29009460,MNV
22713055,DRODR
22593684,CRB
24664902,BTVF
22600777,EODSP
22715729,FIFS
22598565,MSSL
22600280,CFTCR
22710870,PCATM
22609833,APFM
22590968,CWMI
22588831,PSW
22591231,FIFS
22593952,LDPV
22712759,CPWEP
22609709,OMM
22594215,CSE
33300539,SMF
22598791,APSF
22589210,VETH
22601414,DFAIC
22717628,EPVNI
22715688,LDPV
24663487,PCATM
22589443,DTS
22605932,GTB
22711148,SSCP
22588993,RRBFT
22711250,CRBC
22600961,PPETT
22601054,TGL
22605080,APFM
22600432,FMATB
22713323,SCSS
22605290,YTM
22603960,PSNW
24665742,BPHY
22708769,IGCA
22717035,MBTWB
22609822,MSB
22590438,PTCIC
22594148,SBCCC
22609845,CIGA
22595602,TGL
22716994,LDPV
22605218,ZOPDC
24665441,DAB
22594873,TSWL
22713545,AADYM
22594952,CBAM
22604119,CPH
22606197,FIFS
22589734,FIFS
22605508,IGNCC
22593974,WSMGD
22604993,SEPBI
22605030,DSMF
22714178,ERQR
22594447,SMB
24662763,CCVA
24661320,EMSLG
22716419,TDA
24666385,ASSB
22605170,HGM
22605237,EVPJ
24663757,IPWDA
24664958,MCGPR
22720327,PTCIC
22601117,PDGS
22708424,FIFS
22605517,SBI
22606939,LBT
22605743,IFR
22708610,CMCV
22600664,SEPBI
29009686,ETAAW
24666661,BNSS
22600965,FIFS
22595362,RTB
22714122,EBGA
24665128,CPEL
22605242,LBT
24665200,DKFP
22601339,EMAE
22603738,LBT
24662589,AKLRK
22719803,FASA
22717777,IMG
22601264,TTTC
22708790,CIGA
22713377,PNCQ
22603956,BFQTG
22716447,PSBS
22713257,NIMS
24664965,PSOS
22605529,ACREW
22605838,MCGPR
22713482,HCIHS
22717503,PBT
22717561,OCLR
24664698,AAALT
22716659,MBARC
22717650,TGL
22710320,TIC
24664422,HETA
24662696,SEPBI
22718052,CMCV
22717605,UBM
22714448,IMG
22605862,RPAN
22709690,IAA
22605729,LBT
22606386,SAIFA
22723924,PPLCC
22717821,HCIHS
24666511,RMOSE
22599044,BAL
22724163,SIWC
22606141,SCSS
22711528,JESSC
22601287,TSM
22605746,PCDD
22732658,SSD
22728425,AKLRK
22716931,PAP
24663802,IPWDA
24664391,VUAF
22720918,ACL
24665477,PTPL
22720970,AIC
22720018,PCCBS
22730067,PSF
22730151,PGRT
22711225,CSFC
22709199,TNRB
22729503,GBRPT
22729643,RMED
22605935,IPWDA
22718146,DEML
22605989,AEV
22718182,TBVED
22606240,RJMBS
24663808,SNK
22709146,ACL
22606150,PATAV
22714477,PGIJ
22730881,CMHBP
22606179,MBKD
22729487,MBKD
22717730,LDPV
22717836,PSBS
22602900,PPLCC
22606684,TMAI
22717785,BVWMC
22607521,AASRI
22604067,IUW
22729903,WCWS
22718109,FIFS
22709194,GDABL
29009691,BPD
22729638,BDA
22709440,TMAI
24665567,RCN
22719399,EPVNI
22729648,STPMI
22606686,OMM
22723150,CBCPL
22601797,TTTC
22714474,WFMI
22709272,IAA
22732559,PDGS
24665503,URPN
22606393,URPN
22719731,MBSD
22729622,TBVED
22717269,MBARC
22720133,PAP
22710068,CBTBS
24663820,IMG
22710149,SLJ
24666839,VCC
22729966,CMHBP
22719681,LABW
22720927,TAMGC
22724466,AKLRK
24665680,BDA
22713624,RCSAC
22606671,PSNW
22714494,IGCA
24663812,TNRB
22725489,FCVL
22601774,PSBS
22725876,PTPL
22726567,FVAI
22729819,EAVCG
22713875,MBTWB
22709432,PCATM
22601409,SEPBI
22731236,EMAE
22606289,AAALT
22714645,CPWEP
22721539,BDA
22606428,HSF
22709991,ZOPDC
24667006,CWNIR
24667526,LDPK
22730080,CAAA
22708352,CSSH
22709775,BFQTG
22603285,TAMGC
22719695,MBTWB
24666908,HHT
22710310,SCSS
22717727,MBTWB
22730063,SRB
22724705,FCVL
22718593,CRB
22721003,EPVNI
22603631,WBE
22721043,WFMI
22710357,PPBB
22710634,POSS
22719440,CPWEP
22709880,APFM
22607698,HWDPH
22723378,SSFI
22714233,RARI
22719696,RCSAC
22607757,RLSS
24664467,BSE
22603224,PCATM
22730677,GBRPT
22716904,RTB
22722591,LNAP
22718311,IGCA
22730556,RPBT
22710014,POSS
22717766,TAMGC
22607865,IVO
22714490,PPBB
22710740,URPN
22725202,JESSC
22716172,LDPV
22607231,MCYS
22719286,SSLAE
22709993,SSED
22730430,CMAVD
22728717,HTAHC
22601776,RCAI
22725237,WCS
22730714,RPAN
22710415,CIATR
24664732,IMG
22609678,FEC
22720593,FIFS
22714346,LABW
22722359,ACL
22730172,RMED
22608562,PCLAR
22725428,SSCP
22603610,VCC
22730643,DBSE
22708240,IFR
22730695,AAALT
22728595,TSWL
22723350,PGIJ
22606709,IGNCC
22710905,ACREW
22726465,SCIAE
22730850,BPHY
22607107,RPAN
22709958,YTM
24665676,MGNBF
24665748,SSED
22714275,DFCLO
22730968,ASDH
22601750,CRBC
22730988,RPBT
22718156,BAL
22733081,PNRC
22714326,TEIT
22725326,DIFA
22730579,PGRT
24665749,PCATM
22730841,VISSV
22602986,PMBR
22609558,SCS
22708479,CPH
22714761,MBARC
22712254,SCSS
22731051,EAVCG
22608129,CPH
24665824,IPWDA
22721113,SCS
22718458,TAMGC
22710744,RTB
24665683,GCB
22712018,MCAT
22725723,SEPBI
22723565,MBSD
22710730,AEV
22601874,DSE
22607800,PSBS
22607979,LBT
22725281,SSFDM
22723117,RTB
24665788,IGCA
22117904,ERRR
24643575,DEML
24604567,CFTCR
22103318,SSLAE
22221751,VRD
22098903,GTF
22118174,NMSAF
22111332,TIC
22114219,AIC
22220292,CDCP
24645467,VUAF
22098030,DTS
22103727,PSBS
24604544,LBEA
24643789,TDA
22220890,PNRC
24644102,CWMI
22098379,RLSS
29008188,NSE
22220902,BVGD
24643919,REP
24604573,IRCGR
22098436,GBRPT
22116974,DKFP
22221136,IVO
22103789,PSF
22095103,CEM
22113975,SISAC
22103929,CDXE
24641903,RRAS
22117588,XFD
22098495,SEP
22220843,RERCD
22115253,DSMF
22104269,PBPF
24604669,PNCQ
22221195,LCSA
24605650,DBSE
22104324,CBAM
22115384,GTB
22117609,IVO
22103794,RDJG
22221425,PPLCC
22094558,FBED
22098674,RDTC
22110896,CSSH
22220587,ISVGP
22113934,GPUDA
22104314,NGPK
22099943,VESFR
22094617,PSOS
22220696,CEHBJ
22112375,HSF
22113965,UIPP
22104753,SHNF
29007658,SPLAH
22220786,MSSL
22112427,YTM
24604601,SBER
22098494,PPBB
22103726,CPEL
22221043,RCAI
22094965,CFTCR
24644024,CGS
22110916,VESFR
22099046,DTPD
22103857,PPETT
22117149,CHSO
22111912,DMPC
24604811,VCC
22098090,EBGA
22221441,CIDO
24645139,POSS
22104264,SAIFA
22110934,EAVCG
22099458,ECAR
22094542,DFAIC
22221650,SLT
22114272,AMQ
22111044,FIFS
24645610,PGUCU
22098089,PBPF
22221676,TIC
22103556,FASA
24641932,HEM
22114319,IPWDA
24645515,CEEA
22221770,ACL
22094777,MSSL
24655374,MTCC
24644302,ESMCC
22103810,USRJP
22221923,CIDO
29008427,MHDDP
22098159,SRUS
22111029,DSE
24604585,TDA
24644370,RARI
22117402,DMPC
22104180,IMG
24641937,LDG
22220490,IPL
24643601,VCC
22117416,FCM
22094848,EPVNI
22220942,SCTTS
22112948,DTS
22114254,RMED
22104357,RLO
24645584,RARI
22100837,MTCC
22221006,ASDH
22114334,ECB
22117212,WCS
24604649,NOCM
22111223,PTCIC
22106180,NCRPR
22101005,PCDD
22117264,TSM
22111288,SSNLB
24643810,HETA
22221269,MCV
24604756,PSBS
24645708,GMA
22101275,BCCI
22106268,PCDD
24604543,RARI
22098105,SSFDM
29008242,MHWAA
22114252,TDA
24642245,AMVL
24605879,SLT
22220616,DPPN
22098423,CDXE
22117256,ASMAI
22114338,EGLF
22094499,PBD
22111506,TULDV
22220926,WCS
22098461,PGUCU
22112163,MDO
24604614,PTHAS
29008972,CSDW
22112640,PCCBS
22099175,GBRPT
22221206,NMSAF
22117543,ERRR
22094763,CEHBJ
24643741,AELEW
24607153,URPN
22111315,KPW
22221261,IPL
22098813,DFAIC
22094519,PSBS
22103833,RMED
24644374,LCSA
22108277,TSM
22098877,CMHBP
22220653,TIASF
22111451,CGS
22114777,CMCV
22106321,NIMS
24645668,KAC
22099080,CDXE
22108342,ITDC
22094601,SIWC
22115193,BVWMC
22094662,PVFHT
22106758,PCCBS
24655270,SSD
24607229,SBER
22099429,LDPV
24643728,MDO
22094791,ECB
22107071,MSFR
22221038,SOCC
24607286,EVPJ
22094819,PBPF
22099648,CDCP
22111060,RDJG
22221432,WPCSE
22103483,FEC
22098641,CFTCR
22115466,AMQ
22117135,CIDO
22107958,CFTCR
22220617,LCSA
22100074,SAIFA
22095037,PSF
22103515,NGPK
22117208,CMCV
22111609,IMCGG
24607144,AIR
22100235,NMPA
22117245,GTB
24643853,MTCC
24604812,CIDO
29007778,RCA
24607001,FEPCI
22098592,STMDT
22103537,CBAM
22114632,PBL
22108379,PCAO
22099325,TSWL
33299757,CABPS
22221370,FMSN
22107917,NIMS
22099449,MBTWB
22221613,BSE
22112124,EBLUG
22103800,RLO
24643985,CPWEP
22107960,SSD
22099575,EPVNI
22221640,WCS
22095145,CIDO
22112237,CSSH
24643762,SCTTS
22103887,PIHSI
22117365,TSM
22107980,BHMR
24641960,AADYM
22095414,DKFP
22114224,TSWL
22103939,CFTCR
22098498,SPD
22220666,HWDPH
24604723,MDO
24643959,GFD
22111310,IVO
22220850,FVAI
24604877,EVPJ
24607005,VCC
24643997,PCPS
22098606,RERCD
22117374,SHNF
22103644,MDO
22220898,UNSCA
24604629,CFEHC
24642049,BHMR
24645645,BAL
22104047,PSBS
24607065,CPBPR
22114329,RDTC
22094946,CGS
22111494,IMG
22117773,APC
24607138,PSBS
22221021,DNAHV
24604774,OSVG
22104238,GBRPT
22111086,IMG
24645675,AADYM
22095062,IWSB
24644303,LDG
24607217,AELEW
22104541,RDJG
22117474,DSE
22220700,IAA
24644362,POSS
22095127,TMAI
22111146,RLO
22104799,CDCP
22108316,PSBS
22117554,BVGD
22221699,CIDO
22094658,CRBC
24644735,PCPS
22098473,RLO
22111224,ACCTP
22220744,LABW
22104073,AMSVP
24645695,RCSAC
22097236,CVQ
24641987,CPWEP
22098513,BAL
24643755,TNRB
22117493,SCTTS
22105594,NCRPR
24642202,GBRPT
22097395,DHCH
24607078,DBSE
22114418,IPL
22098795,AMSVP
22221578,MBTWB
22103606,RLO
22117200,GRNSC
24607150,MBSD
22114467,RDTC
24642277,DEML
22221212,HWDPH
22097531,CMAVD
22117434,AIC
22104679,PMBR
22099073,SSD
24642001,BMMC
22097604,MSFR
22221595,PNCQ
22111099,NGPK
22104807,MSET
24644090,GMA
24645790,DBSE
24607355,CICT
24604656,BCCTB
22099114,MBFIM
22221647,URPN
24642109,DPPN
22117276,BVWMC
24607074,HETA
29007613,DIFJ
22104026,IWSB
22111171,SRPRC
22098370,MBFIM
24643839,SPI
22117310,MPADC
22108092,AMQ
29008317,LLWDW
22104090,LIMA
22094881,ASMAI
22111235,SSFDM
22117353,DTS
22108428,SISAC
22104587,PPETT
22220862,EMRI
22114713,APC
22098958,EAVCG
22095092,MSFR
22104096,AIDR
22221309,ISVGP
22108463,PCCBS
22114802,VESFR
22099054,PSW
22095115,VPLAC
22117489,ROHF
24642537,RRAS
22221639,CDC
22104350,EWC
24644551,DSMF
24604901,DBSE
22100316,EAVCG
22117301,AMQ
24642404,LBT
22221319,IAA
24607262,TNRB
22104649,ERRR
24605290,RMED
24644593,MAMC
22111128,AMQ
24605648,TSM
22117440,AAALT
24607459,REA
22094569,FASA
22221411,CEHBJ
24644771,PGUCU
22117567,VPR
22104080,CPH
22098988,MTCC
24607473,REP
22095193,NMPA
22117585,MBARC
22114237,MBARC
22221678,SCTTS
22111213,RRBFT
22099981,FEC
24607102,RBTR
22095587,TSWL
24645805,IRCGR
22221979,ECB
24643948,DSMF
22095233,PEPTD
22108721,CEW
22111278,RPNG
22104177,MDO
22117430,BCOS
22098357,CRBC
22095347,MSFR
22114316,LIMA
22108846,UIPP
22104645,DSE
22111331,BHMR
24645846,ESW
22114419,BHMR
22099008,MSFR
24604708,FIFS
22114485,NGPK
22118160,RDTC
22111456,EBLUG
22095205,NMPA
22109102,MPADC
22098654,PSBS
22221198,HETA
22117371,VESFR
22114526,DTS
29007683,BLSC
24604941,TAF
22108164,AMQ
22098689,DTS
22221324,MSADP
22104155,REAI
22217996,SLT
24644773,STMDT
24604985,CPWEP
22098793,NMPA
22221352,SSD
22108382,CMCV
22218025,EMRI
24643849,STMDT
22104438,BSBIA
24642103,CICT
22094590,CDXE
22221526,MDO
22114386,MCYS
22098867,PNCQ
22103951,DGBRU
22218444,GRNSC
22221621,LDG
22108123,CRBC
24604765,FLVT
22111158,OFRP
22114455,PMBR
22104067,CPWEP
22218498,LVOL
22221652,LDPV
22098501,SSFI
22094860,RDTC
22108219,RMED
24642411,PBT
22218528,TDA
24643955,EHMA
22221739,DNAHV
22100552,EVPJ
22106236,SIWC
22095076,RIMHL
22108309,ERRR
22114119,OFRP
22221023,RCTM
22218569,CMS
22100778,PSTM
22114638,RPNG
22095181,BSBIA
22108640,ASMAI
22117846,CDC
22098744,SIWC
22095252,PBD
22224403,IBAA
24642582,PSNW
22114558,CSSH
22224447,WCS
22095317,FASA
24642074,EBLUG
22117466,TSWL
22104821,EPVB
24642105,GFD
22114312,LNAP
24607745,RBTR
24604799,PNRC
22117969,DNAHV
22104450,RCAI
22224492,BVWMC
22112423,CEW
22217429,CHSO
24608008,SSLAE
22222162,MBTWB
22094998,MTCC
24642075,AJS
24606264,HEM
24643855,DAB
24604948,GFD
22222444,SLT
22217564,FIFS
22108467,SSLAE
24642122,FCVL
22114399,PTPL
22098705,EWC
22104912,CMCV
22094650,SSSOS
22222559,NCRPR
22117522,SLT
24642166,SAIFA
22104962,RLO
22094924,RJMBS
22222634,RBTR
22117667,IAA
24607127,CFTCR
22105160,DSE
24642135,REP
22222772,SSD
22100627,CMAVD
22108198,RSWUC
22117699,RTB
22104274,OFRP
22221111,CSSH
22108232,CGS
22111378,SRPRC
22094735,UNSCA
22104783,CMHBP
22108561,LNAP
24655276,PCLAR
22221152,LCSA
22217169,SRPRC
22104056,SIWC
24604775,AMVL
22104095,PPETT
22221566,ASDH
24607306,MAMC
22217246,BVWMC
22111532,USRJP
22114325,ITDC
22221908,ASMAI
29007618,TESPP
24607397,PTHAS
22117553,BVWMC
22104152,DTS
22101219,MSFR
22111571,HSF
22221096,CMAVD
24604892,VRD
22108204,IMCGG
22114431,GRNSC
22101286,MSFR
22095572,MSSL
22221208,FIFS
22117711,ECB
24643991,SED
22221227,PBPF
22094941,SSD
22101392,EWC
24607158,PBT
22104245,DTPD
22117814,CRMS
22114670,DSE
22099251,ASMAI
24604910,BMMC
22221317,FCM
22104342,MCAT
22111379,MBFIM
22117907,IPL
24605004,CSSH
24644179,BIART
22099328,ACREW
22221392,JSBC
24607792,RPBT
22111466,ROHF
22104042,MSET
22099475,UBM
22095167,SEP
22221732,MCV
24643901,TFES
24642413,RBTR
24607168,STMDT
24605103,WBE
22104146,EVPJ
22111243,TSM
22221823,VPR
22099528,EPVB
22217384,EMRI
22094672,MBFIM
22114691,CRMS
22104285,WCWS
22221257,AKRT
22098873,PBPF
22094721,SPD
22221289,TAF
22114722,LNAP
22117606,FVAI
22104019,UBM
22099088,BAL
22221567,MCW
24607631,CFTCR
24644200,PDGS
22117817,RBTR
22104145,RRAS
22221662,RCTM
22099823,LVOL
24607260,DPPN
22114410,CEW
22104173,DHCH
22221756,CMCV
22118047,ASDH
22111900,CDC
24604939,IAHD
22221903,BTPF
22104477,PGUCU
24643921,MCAT
22217642,CMAVD
24642536,AELEW
24605029,PGRT
22108224,SSFI
22222041,PNCQ
22217693,FASA
22098942,CDXE
24605883,SCTTS
22108284,PBL
24642176,XFD
22117498,TDA
22114476,NIMS
24607251,MCAT
22104439,VISSV
22098997,SSCP
22118390,EBGA
22095546,PBPF
22111776,PMBR
22108619,SAIFA
22114597,GPUDA
22104512,RRBFT
22216811,CHSO
22099206,AIDR
22095751,APFM
22222086,CSSH
22108296,RDJG
22104586,CSSH
22111830,PMBR
22117825,IVO
24644999,AADYM
22223952,DNAHV
22108375,NGPK
24605081,CFJVC
22104676,PSBS
22099665,NMPA
22221393,RBTR
24645116,CWMI
22117679,AASRI
22104213,FEC
22098966,NMPA
24607382,IAHD
22221519,FVAI
24643956,MAMC
24644405,TBVED
22117815,ARSE
22221675,RJMBS
24604870,CIATR
22102215,PBPF
22104353,FWBD
22108645,MCAT
22118186,IVO
22221972,BFQTG
24644014,LABW
22095440,CRBC
24644820,ECAR
22104887,NCRPR
22108675,PPETT
22222294,RDTC
22114636,OFRP
22216741,SSD
22111713,CPEL
24607494,MDO
22104198,ASMAI
22095524,ECAR
22099146,CPH
22218394,CDC
24642186,MCAT
22114451,VPR
22104395,TSWL
22099214,APFM
22108326,SSNLB
22117617,CDCP
22114518,FCM
24606505,REP
22221341,WSMGD
29007779,FOKV
22117797,REAI
22104216,SSFI
22117839,PTCIC
24644027,AEPCF
22111409,MPADC
22100038,PGUCU
22109128,RMED
22217306,LABW
22222287,HHT
22104424,XFD
22094977,PCLAR
22098970,CDCP
22114800,RRBFT
22222477,FMSN
24607524,AADYM
22104573,CEW
22217394,GPUDA
22111475,CHSO
22099490,SAIFA
22104818,BAL
24644109,PSNW
24607248,CVQ
22094828,RDTC
22222546,CIDO
22111538,NGPK
22099705,IWSB
22217695,DKFP
22221422,MSSL
22097560,CEHBJ
22100142,NMPA
22222147,ASDH
22108622,CHSO
22217868,CDCP
22101411,SSFI
22104242,IMCGG
22222270,HELEP
24644419,REA
22108742,PCAO
24645658,DPPN
22097770,RDTC
22111348,MBARC
22104563,BHMR
22099100,RERCD
22094830,ACREW
22222372,GRNSC
24643954,ASMAI
22111426,CCI
22104789,CPH
22108583,TSWL
22096092,CEHBJ
22222567,MCW
22111460,IWSB
22117738,EBGA
22114728,IWSB
22104853,NGPK
22221421,BVGD
24642252,DSMF
22108699,FASA
22117671,PNCQ
22104980,SSFI
22221596,AIC
24642387,TNRB
22096168,TMAI
22108398,EVPJ
22104468,CMAVD
22111363,CAAA
22221978,MBSD
22117696,CAAA
24605158,RARI
24644004,AMS
22108559,MDO
22111403,UIPP
22104610,PPETT
22222137,FASA
24605221,IRCGR
22117800,GTB
22111524,SAIFA
22114946,PNRC
22108620,RMED
22222452,BFQTG
22099164,RPBT
22105055,CRBC
22117858,FNP
24645859,VRD
22115026,CSSH
24607723,EBLUG
22111601,CEHBJ
22105194,AMQ
22221576,GRNSC
22117963,FCM
22115196,PPETT
22097262,SAIFA
22111604,RSWUC
22105489,SSCP
22118022,RDTC
22099349,RLO
22108417,CCMB
24644277,FNP
22097749,ASMAI
22111743,BHMR
22118112,ISVGP
22221886,JSBC
22099608,SSD
22104346,SSD
24607281,PVFHT
24644368,DEML
22097820,FEC
24642324,EVPJ
22099671,CPH
22104832,PCCBS
22118241,AIR
22222131,AEPCF
22094913,LVOL
22114556,EODSP
22108524,LIMA
22111722,IVO
22117628,EODSP
22099825,SAIFA
22104930,FEC
22222020,FASA
22094892,FMSN
24642352,CMHBP
29008139,TCWC
22099540,SSSOS
22104960,RCAI
22108681,ERRR
22222298,ACL
22114671,RMED
22095019,SAIFA
22117654,PPETT
22105038,NIMS
22099706,ASMAI
22222335,LCSA
22095045,FASA
29007835,RITTC
22114891,TDA
22117676,VPLAC
24607469,TSM
22099765,GBRPT
22095245,SPD
22117986,BCOS
22111748,CBAM
22222866,SCTTS
22104336,NCRPR
22095393,PBPF
24607379,SBI
22117836,FMSN
22114793,MBARC
22221594,RCAI
22104391,NIMS
24642593,GFD
22118031,VPR
22099182,PEPTD
22114942,TSWL
33299592,HARIP
22108687,RDJG
22111896,MBFIM
22118115,DMPC
24644265,TTSS
22221586,GPUDA
22096161,FMSN
22108794,BHMR
22099430,REAI
22118282,DKFP
22104700,CAAA
24644326,LDPV
22111634,OFRP
22096224,CMAVD
22221704,TTCB
22108816,ARSE
22118351,AIC
22104835,REAI
33299720,BSI
22216856,IAA
22111828,SSNLB
22096265,CPH
24607437,USRJP
24644096,BNSS
22099656,PSBS
24645665,AMS
24604991,PBD
22104963,RLSS
22108395,VESFR
22222265,LDG
22112015,TULDV
22099806,EAVCG
22117700,AEPCF
22105037,RDJG
22108572,PPETT
22097285,UNSCA
22222146,CSSH
22117768,CIDO
24644998,MCAT
22105244,CEW
24607337,LTS
22099425,RCAI
22097889,RLO
24643432,DBSE
22218348,BCPE
22222340,CDC
22114731,HETA
22108641,RLO
22098521,EPVNI
22221716,REP
24644142,HFRS
22218450,DKFP
24607539,RRAS
22099676,NCRPR
22104839,SIWC
24642440,EHMA
22221990,AAALT
22096044,NMPA
22104983,RMED
22108404,BHMR
22099916,ECAR
24642483,CFJVC
22114852,YTM
22105173,PSBS
22096091,GBRPT
22117646,UIPP
22108650,LVOL
22099995,PBT
24644428,STMDT
22222512,DGBRU
22112161,OFRP
22096309,RDTC
24607334,AMVL
22117837,HETA
22099582,DGBRU
22114639,CCI
22112022,KPW
24607389,CSE
22117999,SLT
24645860,LTS
22096371,APFM
22105367,CFTCR
22099819,RLO
24644091,WCWS
22118144,CDC
24642438,IPWDA
24606305,TSM
22108884,CBAM
22099573,GDABL
22118361,CAAA
22104690,UBM
24644149,CSV
22222214,BSE
22112629,AEPCF
24607515,RARI
24605151,AELEW
22114806,RDTC
22217002,BVWMC
22221952,DSMF
22105265,RPNG
22099831,ASMAI
22108773,CGS
22095319,PNCQ
22114924,ACCTP
22222012,RPBT
22105305,LVOL
22217244,WCS
22111747,DMPC
22099305,USRJP
22095467,SAAW
22108874,IWSB
22218073,MBSD
22222061,FVAI
24644204,CFTCR
24605357,PDGS
22105461,CWMI
22099381,TMAI
22218384,NMSAF
22222266,EMRI
24605394,CICT
24644329,AELEW
22105521,IMG
22117894,PBL
22222176,MSSL
22099588,DTPD
22095144,ASSB
24607945,MBSD
22105667,LIMA
22117962,CCI
22114624,PCCBS
24644421,SCTTS
22097127,IPWDA
22118392,CIDO
22104606,EAVCG
22114655,TSM
22099768,BAL
22111889,YTM
22216993,BCPE
22222209,AIC
22097166,PCDD
22104687,CFTCR
24607664,IPWDA
22111925,TSM
22097410,DTS
22099956,FMSN
22104933,SSCP
22221831,FIFS
22114742,ERRR
22108686,FWBD
22118250,VISSV
22095162,AUMMM
22100005,SSLAE
24644130,STMDT
22221959,RTB
22108736,AMQ
22112026,RMED
22216898,FNP
22095400,GBRPT
24644887,CSE
22100340,GBRPT
22221994,RCAI
22104641,PSF
22108745,PSF
22112094,XFD
22095571,FMSN
22114623,SSNLB
24607483,VCC
22217027,TTSS
22099334,PSBS
22222151,SCJ
24642675,WCWS
22104755,PPBB
22115016,GRNSC
22109113,MDO
22217122,IVO
22099409,PBT
22222202,DFCLO
24605603,PVFHT
22111616,VESFR
22104632,PCDD
22099416,FEC
22222290,RCTM
22217263,SSD
22111757,EODSP
24607625,WCS
22099903,PPBB
22104965,AMSVP
22222520,JSBC
24605043,DPPN
22118028,BVWMC
22114687,EBLUG
22108828,DMPC
24642493,URPN
22105325,RJMBS
22118201,JSBC
22095141,REAI
24644118,GRTLE
24607482,BSCOH
22112018,UIPP
22221819,NMSAF
22217252,UNSCA
22105617,CMAVD
24655626,PSTM
22095199,PGUCU
22219276,BVWMC
22221920,EBGA
22111638,SSFDM
22099350,PBPF
22114948,VPLAC
22117940,FIFS
22222505,CIDO
24605080,ERQR
24642379,QLCA
24644126,EVPJ
22099580,PEPTD
22222569,CCVA
22118289,KPW
22095381,GTF
24607547,AWW
22222579,AEPCF
22111716,CRMS
22099749,MBFIM
22216958,DNAHV
22095510,DGBRU
22104877,NCRPR
22221845,AKRT
24642502,PIHSW
22114885,HSF
24642253,CSV
22099410,CVQ
22095154,MDHD
22105060,BSBIA
22221933,MSADP
24642265,MWC
22099414,SIWC
24642600,CFTCR
22105779,MSFR
22222039,DMPC
22216987,TDA
22095322,FBED
22099677,MSFR
22109229,RLSS
22104856,DHCH
22114944,VPR
22217011,FCM
22099504,MSFR
22105453,MSFR
24606201,BHMR
22222292,TIC
22113088,FNP
22095140,MBFIM
22118313,DFCLO
22114998,IVO
22104894,RERCD
24605097,XFD
22221864,DGBRU
22099549,AMSVP
24605938,LTS
22216780,CMAVD
22113190,MCV
22115088,CGS
22217082,WCS
22099599,PIHSI
22095498,PASP
22108798,SSFI
22221898,MCAT
22105064,DGBRU
22113238,DMPC
22217391,AKRT
22099618,NMPA
22095550,LVOL
22221970,PBPF
22106043,CMCV
22217978,ARSE
22099917,FASA
22108926,DTPD
24605329,HFRS
22111651,RDJG
22222419,TAF
22095413,SIWC
22106252,SHNF
29007790,DOTC
24605280,RPBT
22105341,IPWDA
22100046,RCAI
22223497,CPBPR
24644237,NOCM
24605089,CFTCR
22217288,PTCIC
22105474,RLSS
22112348,AMQ
22115286,PMBR
22218072,KPW
22223815,CBTBS
24606187,WCWS
24644505,REP
22218184,BFQTG
22100380,PBPF
22105022,CBAM
24642648,MBSD
22222441,BCPE
22095535,CMHBP
22218285,CCI
24644225,DBSE
22108752,CFTCR
22105035,EGLF
22099476,PSTM
22218362,CMAVD
22095556,DHCH
22108923,VISSV
22105135,VISSV
22114835,NIMS
24606332,TNRB
22217018,TIC
22222692,IBAA
22105297,RPNG
22114893,SRPRC
22111983,AEPCF
22095291,MBTWB
22222840,DPPN
22217116,BSE
22105865,OFRP
24607579,URPN
22112189,DGBRU
22095647,AUMMM
22114965,FIFS
22217228,ISVGP
22112295,PPETT
22105108,PPETT
22095681,ASSB
24607621,EHMA
22100098,CMHBP
22111686,RDTC
22222355,TTSS
22105429,PPBB
24607822,MCAT
22099487,NCRPR
22105780,PPBB
22222410,CMCV
22111725,SSLAE
22217064,VISSV
22115184,FCM
24605406,BHMR
22099524,GTF
22105070,RPBT
22222525,NMSAF
22217104,EODSP
24642445,WCS
29007733,CAT
24644932,GMA
22099971,RJMBS
22222795,LCSA
22218082,HWDPH
22111893,RLO
22105217,VPLAC
22114761,MDO
22095502,MTCC
22100140,PSTM
22108793,MBFIM
22222931,IVO
22217805,JSBC
22095748,CMAVD
22115228,DTS
22112006,PTCIC
22222069,RJMBS
22099558,BCCI
24605333,LBFM
22219185,DKFP
22115346,ROHF
24642453,MTCC
22095623,IWSB
22099625,STMDT
22218183,VRD
22109002,ROHF
22222213,CBTBS
24605362,PSBS
22111733,AIR
22218215,DSMF
22109141,RRAS
24644191,EBLUG
22105889,CFTCR
22111842,ACCTP
22099870,SSD
24608206,BSCOH
22114824,CHSO
22222182,DKFP
24642728,MCAT
22095360,CEHBJ
22106013,TSWL
22099922,APFM
22108783,EAVCG
22218539,CIDO
22222257,RCAI
22099948,EVPJ
22096400,CPH
29007868,SRW
22106042,BCOS
24607554,GFD
22216928,PBL
22222699,RCAI
24606220,MDO
22115014,IPL
22100186,NCRPR
22106111,FASA
22108915,WCWS
22222167,LDPV
24606282,DKFP
22115622,CSSH
22217165,PMBR
22112236,IPWDA
22105115,CPEL
22222859,PPLCC
24607761,GBRPT
22095464,PSTM
22115678,PTCIC
22217293,TSM
22222892,ECB
24607795,HEM
22105389,AMSVP
22100381,RPBT
22222224,IBAA
24642557,LTS
22217537,IAA
22095528,REAI
22105423,ARSE
24607513,IRCGR
22112297,REAI
22217703,MBARC
22100553,IPWDA
22097299,EAVCG
22105740,RERCD
22108944,TSM
22216978,RDTC
22222846,EBGA
22100596,CRBC
24644518,DAB
22097352,PIHSI
22105788,RMED
24608091,VISSV
22112391,NIMS
22217268,AIR
22222244,RERCD
22099645,TGM
22098228,RJMBS
22108785,BCCI
22111758,AMQ
22115598,VPLAC
22105830,RLO
22222568,BTPF
22099757,RPBT
22098272,RIMHL
22218336,MCV
24642499,SLT
24645023,KAC
22222914,CSSH
22108842,RSWUC
22099634,PCDD
22096198,CDCP
22218481,LDG
22105942,CEW
22111877,TSWL
22222983,FMSN
22218587,RCAI
22096292,BSBIA
24642627,LDG
22099704,SSFDM
22109087,RPBT
22115439,TSWL
22217328,DPPN
22106211,VESFR
22096449,SSLAE
24643004,PVFHT
24644660,RPBT
22109163,RLO
22217470,LCSA
22099829,PPBB
24605304,LBT
22222299,VRD
22115907,TSM
22108818,NCRPR
22105190,SISAC
22111771,HETA
22095448,TGM
22099853,IPWDA
22222941,BVGD
22217594,NMSAF
22105229,VESFR
22108880,IVO
22095511,RCTM
22118251,PPETT
22223609,CRMS
22112002,VPLAC
22105092,RSWUC
22100277,MSFR
22223808,NIMS
24606150,MAMC
22118314,CGS
22217798,FVAI
22105120,LIMA
22100361,EBGA
22112107,CFKIE
22216983,CFKIE
22222250,CMAVD
22217842,FCM
22105427,FASA
22100008,TSW
29007802,MICW
22217023,ACCTP
22105446,CDCP
22222978,HELEP
22100073,SSFI
24606217,AMVL
22111993,RPNG
22217134,DGBRU
22105496,RDJG
24607791,SPI
22223186,CDCP
22115032,MPADC
22100314,SRUS
22112045,MPADC
22105933,XFD
24608004,ECAR
22217302,ROHF
22222324,ASDH
22095645,CVQ
22100465,PBD
24642565,AEPCF
24606163,ECAR
22217678,BCPE
22222745,RJMBS
22115353,AKRT
22099889,BFD
22095685,CPH
22112186,SAIFA
24606525,HFRS
22219195,REP
22223111,VRD
22099946,SPD
22115421,AIR
22108832,PBL
24642609,EBLUG
24605271,CFTCR
22219247,DFCLO
22223218,MCW
22100209,CMCV
22115519,DNAHV
24605557,PVFHT
22108913,ECB
22100831,DTS
22222503,ISVGP
22105409,RRAS
22111819,NIMS
22096046,REAI
22100519,SAIFA
22109052,USRJP
22217152,TTCB
22105636,VPLAC
22222636,MSADP
22111899,EGLF
22096243,PVFHT
22115138,NGPK
22105708,RRBFT
29008312,AFET
24607677,OSVG
22217028,NGPK
22100554,PBT
33299910,SMF
22105773,AMQ
22108891,DHCH
22217076,SLT
22100216,GDABL
22115436,FMSN
22097807,LVOL
24646174,RMOSE
22106060,RLSS
22108957,VPLAC
24644984,VUAF
22217647,BVGD
22111953,IWSB
22105322,BAL
22109029,SSLAE
24645121,SRB
22095496,PVFHT
22105359,CMHBP
22100374,MSFR
22217718,RDTC
22109195,SISAC
22223270,RJMBS
24644345,DPPN
22095555,IPWDA
22100408,WCWS
22112049,VPR
24607603,RBTR
22105529,PPETT
22222478,UNSCA
22217784,DGBRU
22095711,FASA
22100493,LIMA
24607620,AEPCF
22105722,CPEL
24642559,IAHD
22217878,EODSP
22222604,TTCB
24605312,DKFP
22105903,WCWS
24608247,SLT
24644420,CSSH
22100537,SIWC
22111928,PPETT
22222649,NMSAF
22217125,JSBC
22106087,SSNLB
22109167,PSBS
22115104,EPVB
22100660,EPVNI
22222710,DTS
22095846,PSBS
22112199,AIR
24608311,REA
22105371,CSSH
22222801,SCJ
22217333,LDPV
22115325,LNAP
24642632,CEEA
22095607,VPLAC
22105633,DMPC
24608337,DKFP
22222852,FVAI
22099861,MSSL
22105169,PGUCU
22095750,ACREW
24642782,CGS
22108898,VESFR
22222868,TTSS
22222821,GRNSC
22100100,RIMHL
24642562,LABW
22105387,PTPL
22095954,PEPTD
22222998,CBTBS
22100417,AUMMM
24607698,DKFP
22112378,HELEP
22105607,BCOS
24644609,ESW
22217091,PMBR
22100488,CPH
24606342,GFD
22109132,BCOS
22105732,NCRPR
22112762,LNAP
24644352,PVFHT
22100622,EWC
22096162,PCDD
22217757,SRPRC
22105774,SSFDM
24607744,AIR
24655140,NGPK
24644406,BODFT
22101292,CDXE
22096236,PBT
22217782,GRNSC
22222354,WCS
22109306,ARSE
22115052,SLT
22105185,RRBFT
22096293,STMDT
22099945,CPWEP
22112128,GPUDA
22217986,LDPV
24607953,ESW
22115960,FCM
22105240,CAAA
22096350,ITDC
22222450,DSMF
29008152,UBR
22112279,RDJG
24608036,SAIFA
22116109,NMSAF
22105749,ERRR
22217772,DNAHV
22096399,SPD
22111979,TIASF
22225533,EPVB
22105873,FWBD
22217918,UNSCA
24644558,GRTLE
24605396,ECAR
22101378,BSBIA
22225854,RCAI
22105301,MPADC
22108860,SSCP
22112266,SSD
22218112,YTM
22224797,NFVB
22101448,NCRPR
22114918,DMPC
22109246,HETA
22218161,MDO
22095758,RCAI
24644358,RACC
22101694,USRJP
22224985,TTSS
24642900,SLT
22105600,RCAI
22097168,TSWL
22115231,CRMS
22109534,DSE
22100030,EWC
22218277,TULDV
22096146,BFD
24644451,MTCC
22217224,PBPF
24607770,DPPN
22225247,DPPN
22101364,RCTM
24605202,SBER
22105737,MCAT
22112221,IMCGG
24644696,EVPJ
22109719,IMG
22225478,KBG
22095778,SSLAE
22101613,FWBD
22105943,DHCH
22112920,RDJG
22217347,TIASF
22118092,FVAI
22225568,ACL
22106365,PPETT
24643502,BIART
24605303,MDO
22113191,SSLAE
22219226,LDG
22105418,ERRR
22118371,CSSH
22109453,PSF
22222869,WCS
22096049,SIWC
22100255,PEPTD
22219366,DGBRU
22105693,PCDD
22216864,VESFR
24643567,TTSS
22223027,WCS
22096138,DGBRU
22105717,CHSO
22219486,GPUDA
24642689,TFES
22108914,AEPCF
24644408,WCS
22219499,VRD
22105759,PPETT
22223139,PDR
22108959,CCMB
22115177,SSNLB
24605416,ESW
22101174,DTPD
22217330,AIC
22106177,NGPK
22223214,UNSCA
22109089,LNAP
24605452,FEPCI
22217398,RCAI
22112883,VPR
22101384,RDTC
22109697,CCMB
22222904,CMS
22217740,VESFR
22105486,EGLF
22101581,LVOL
24605626,CVQ
24644442,CMHBP
24642016,SCTTS
22222942,ACL
24642783,SCTTS
22217913,PBPF
22105584,SSNLB
24642130,CFTCR
22115898,LVOL
22112622,MCYS
22105344,WCWS
24605140,AEV
22223040,ASDH
22109155,TSWL
22218053,LCSA
24642812,CSV
22105392,CMCV
22223459,EPVB
22102554,UBM
22116038,ACCTP
22220631,FMSN
29007620,DPC
22109413,SSFDM
24642845,HEM
24644562,CVQ
22220927,ASDH
22222726,FASA
22105884,ARSE
22112195,IPL
22102598,SAIFA
22220955,GRNSC
22222874,CRMS
24605316,VUAF
22112272,DTS
22102699,SAIFA
22105689,GBRPT
22223108,URPN
24608727,EBLUG
22112174,PSF
24605374,TDA
22217167,CRMS
22105890,MSFR
22100104,MSET
24644665,LABW
22112452,AIC
24605405,SLT
22109232,PCAO
22105437,DHCH
22100841,PPETT
22223210,DKFP
24645714,MTCC
22114971,CDC
22096165,RCTM
22105562,SIWC
22100062,AIDR
22217463,MBFIM
24644424,RCSAC
24605486,HEM
24642761,DSMF
22222899,FNP
22100116,DGBRU
22105716,PSF
22218160,FNP
22109649,TDA
22115116,CMAVD
22222707,GDABL
22112373,CBAM
22095695,CVQ
22100896,GDABL
22218249,ASDH
22223462,GDABL
22106063,SSLAE
22112409,HETA
22109263,DTS
22095767,CFTCR
22218572,CHSO
24644585,LTS
22109291,MCYS
22101083,CVQ
22105592,USRJP
22112490,LIMA
22098284,CWMI
24644649,TDA
22218621,LDPV
22105634,PCAO
22109418,IPWDA
22103454,SSFI
22112691,TULDV
22105863,MCYS
22098400,PEPTD
22115000,ECB
24646061,STMDT
22218731,NMSAF
22112887,IMCGG
22106071,RPNG
22098754,ACREW
24646113,CPBPR
22103552,ASMAI
22115096,DGBRU
22217253,ASMAI
24642739,AIR
22098831,SSLAE
24644546,HEM
29008751,VISPC
22112616,RLO
22106034,DTPD
22217476,YTM
24608264,RBTR
29008881,TCWC
24644759,PVFHT
24608296,RPBT
22098881,ISVGP
24642804,IISCP
29008947,FDMGH
24608390,CFTCR
24608315,AADYM
29008048,FSSH
22103641,XFD
22217756,RERCD
22112720,IWSB
22105679,PCCBS
22095667,CDXE
22109359,GDABL
22223207,CMCV
22217823,WCS
22115444,CMCV
22105706,EAVCG
22095692,CEM
22100204,CDCP
24642860,CSV
22105756,PEPTD
22095794,RERCD
22223373,CCVA
22217247,KPW
24645623,PSNW
24607749,MTCC
22100359,PCDD
24606082,FCVL
22097234,FMSN
22225557,BCPE
22217320,MDO
29007817,BLPDC
22115037,ISVGP
22109333,VESFR
22100623,ASMAI
22107742,IVO
22225581,FVAI
22095680,RJMBS
29007844,SRM
22100740,RIMHL
24607825,PSNW
22107789,GDABL
22115391,LVOL
22100825,SSFI
29007815,SEVB
22109518,CFTCR
24644488,MDO
22096000,PNCQ
22100143,UNSCA
22217900,IVO
22109801,LNAP
22223076,REP
22115758,AASRI
22100548,SAIFA
22217942,CSSH
29007891,ACWCH
24605150,CSV
29007743,TFSB
24644588,URPN
22223223,ASMAI
22106009,IMCGG
24607808,AJS
22112523,NGPK
22217603,CIDO
22095716,PSBS
22223303,LCSA
22100713,PSBS
24607991,DSMF
22105778,CDCP
22095785,UBM
22222989,FNP
22217862,CMS
22105909,BHMR
22101466,MBTWB
22112634,SSNLB
22217979,DMPC
22106421,MSFR
22223665,TTSS
22095897,CMCV
24644570,VRD
22100638,CWMI
24642834,PTHAS
22106460,IWSB
24608214,LTS
22223025,CSSH
24605298,SWFFR
22100869,UNSCA
22106491,AASRI
22112550,PPETT
22116021,ITDC
22109863,DTS
22219566,REP
22100540,CDXE
22105900,SSFI
24605500,TSW
22115921,DTS
24642768,HFRS
22223080,CMAVD
22106190,LIMA
22109949,PPETT
24605577,CSTHS
22100604,RLSS
22106242,CMAVD
22095726,CWMI
22223370,DBSPP
24642908,BVEAT
22106451,DSE
24608454,HEM
22118270,WCS
22222956,IASWR
22100923,PBPF
22113035,NIMS
22095949,MSET
22220823,CRMS
24608488,AELEW
22106866,PCDD
22225371,SOCC
22113187,SHNF
22217051,TULDV
22097303,PBPF
22101041,SAIFA
22225521,CDC
22218019,DPPN
24642872,SAIFA
22095798,MBFIM
22105976,RSWUC
22109632,RPNG
22101276,TGM
22223685,DFCLO
22115200,DSE
22217456,MSADP
22112697,IMG
24607865,AELEW
22223843,CIDO
22106091,CAAA
22095945,FBED
24644530,IRCGR
24656219,CWNIR
22223720,LDG
22109784,CPEL
22100322,MTCC
29008154,WPF
22223030,TIASF
22098506,NCRPR
22115546,ECB
24607923,SBER
22101215,SIWC
22217508,GTB
22112481,ARSE
22223195,DSMF
22098627,FMSN
22217677,DSMF
22101295,PPBB
24607961,HEM
22115624,CAAA
22106191,RCAI
22112690,XFD
24646360,BAL
22098707,SAIFA
22100396,DTS
24608275,BHMR
33300147,AKSPP
22115306,ARSE
24605182,FNP
24646856,PIHSW
22100915,AMQ
22106641,EBLUG
22112858,RDTC
22217771,PBL
22115342,MDO
22095806,ITDC
24645955,REA
22107694,EBLUG
24642802,GMA
22101006,ACREW
24644592,CWMI
22217985,IPL
22223294,RTB
24608301,ERQR
22115809,MSADP
33299665,CRORA
22101058,RPBT
22095850,FASA
22223332,MSADP
22218377,IAA
22112926,EPVB
22100615,FASA
22115187,RBTR
24606022,CCLRE
22095963,NMPA
22223478,ASDH
22113137,CRMS
22219077,FCM
22109272,EGLF
24605288,HEM
29008301,NIFE
33299725,ATSRR
22217566,RCAI
22106714,VESFR
22112463,TSM
22096088,EBGA
33299940,CJBD
22115736,RBTR
22217670,HETA
22100726,AIDR
24605738,AMVL
22105959,TSM
22223847,DKFP
22101205,FMSN
22217706,CCI
22095772,BSBIA
24644560,BVEAT
22109497,CEW
22224008,RTB
22101262,CPH
22106146,PSF
29007912,CME
22109681,SSLAE
24644608,IAHD
22223453,SSD
22218282,ASDH
22106790,AIDR
22097479,EPVB
24608321,LABW
22223622,DPPN
22217604,RBTR
24644689,CSV
22096009,FASA
22106022,CCMB
22223678,FVAI
22217722,CDC
24607777,CSV
22113136,SRPRC
22115640,IVO
24605223,LBEA
22106326,CHSO
22101397,PSTM
22223855,RPBT
22218712,DMPC
24607897,CSV
24644918,SED
22096089,PSTM
22106652,PCAO
33299666,FSOC
22218783,VPR
22109621,SSCP
24644512,WCWS
22106826,RPNG
22096631,RLO
22112424,SRPRC
22217600,PMBR
22109184,MCAT
22106140,PMBR
22100502,FMSN
24605449,AMVL
22224181,RCAI
22218099,AIC
24607817,LBT
24608018,GFD
22100941,PSBS
22112489,DMPC
22223369,BSE
22095871,SAIFA
24608168,PBD
22115554,CHSO
22101240,GBRPT
24607893,SWFFR
22218510,EMRI
22223457,DNAHV
24608384,GRTLE
22096079,VPLAC
22101372,AUMMM
22115949,CGS
22218545,CDCP
22223548,SOCC
24608724,PSBS
22109364,SHNF
22096108,PBD
22116309,CDC
22217631,WCS
22101072,CPEL
22225641,WCS
22112974,IPWDA
24608302,AEPCF
22217792,ECB
22109734,CSSH
24605318,BSCOH
22225668,AMSVP
24643217,CVQ
22101169,MBFIM
24644827,BIART
24608483,SSLAE
22217874,BVWMC
22225721,LABW
22096195,PBPF
24608304,WCWS
22106053,EPVB
22217931,PTCIC
33300149,RCAS
22115268,TSM
22112448,BHMR
24608506,HEM
24605544,RBTR
22225822,URPN
24642811,MWC
22115366,HETA
22106134,CWMI
22100736,CPWEP
22097773,BAL
22109254,NIMS
22220531,HELEP
22225932,ARSE
24655171,RARI
24656000,MPADC
22097833,NCRPR
22223191,BCPE
22217857,LABW
24607830,PGRT
24605206,PTHAS
24655281,CWNIR
22100862,RJMBS
24656013,AJS
22107081,EBLUG
22109684,DHCH
22223420,CIDO
22095995,ISVGP
22101241,FMSN
24656039,GWTMT
22219538,AKRT
22110013,PSF
24645983,HEM
22096094,AMSVP
24642855,PNCQ
22102257,DGBRU
22219673,MDO
29007697,IOB
22109199,XFD
22223205,LDPV
22096130,TGM
22112626,ROHF
22115483,VESFR
22220336,LABW
22106381,UBM
22223295,PNRC
22102400,EAVCG
22112685,PCAO
24608055,KAC
22115697,VISSV
22106737,PPBB
22223343,NMSAF
22113217,HELEP
22096166,SAAW
22102516,PBT
22106851,TSM
22223405,ARSE
22115435,MDO
22218167,GTB
24642953,MTCC
24655961,DAB
22223507,ACL
22218462,RDTC
29007889,CSDW
22106947,BCOS
22109957,PCAO
22101379,RCAI
22223525,TTCB
22095948,MBTWB
22115567,TDA
22112608,NGPK
24645722,SSLAE
24606121,TBVED
24605522,PSNW
22223261,RBTR
22101427,ASMAI
24644734,AADYM
29007840,VADC
24608502,MCAT
22101602,RLO
24606202,VISSV
24605597,PBD
22112770,MPADC
22115767,HSF
22101901,TGM
22219143,LDPV
22223352,NMSAF
24605262,BIART
24645340,WCS
22106728,PNCQ
22109334,HSF
22223522,BFQTG
22095950,MSFR
24644598,GFD
22100904,BSBIA
22113092,FVAI
22106830,RPNG
22223366,BTPF
22109683,EPVB
24606063,SAIFA
22113887,TTSS
22100985,RERCD
22109965,CFTCR
22219897,DMPC
22107133,RPBT
24606206,PSBS
22112517,RPNG
22101138,IWSB
22109351,NCRPR
22115734,EPVB
22095956,HCIHS
22101160,BFD
24646064,RPBT
22112581,AKRT
22441680,GBRPT
22592714,SBCCC
22596808,EVPJ
22580896,GPUDA
22440260,RCN
22441939,AKRT
22591483,RARI
22582366,RMOSE
22597185,HFRS
22578003,BDA
22440360,CBCCH
22582825,BSS
22442167,BCCTB
22578462,LBEA
22440698,CFJVC
22591664,CRB
22588151,FVAI
22583508,SCJ
22597533,FEC
22442252,MSSL
22436420,PPBB
22578511,MCR
22583609,MSET
22436724,PSS
22441644,CHSO
22588279,DBSCL
22598629,DFAIC
22583486,EAVCG
22437413,CBCCH
22441684,ASMAI
22578626,ECSAB
22592803,CFKIE
22437495,GMMD
22585689,ITDC
22597407,GDABL
22441899,SEP
22588398,SCTTS
22592969,CBCPL
22578163,RRAS
22440129,ASMAI
22441975,GRTLE
22591584,AJS
22585871,STMDT
22578482,MAPTD
22442085,CIATR
22436407,BCCTB
22578724,CEW
22587084,DBSCL
22597016,CFKIE
22591730,COPBN
22586303,WSMGD
22436604,RIMHL
22578771,LDG
22587332,RARI
22442183,HRCF
22597369,OSVG
22578850,FEPCI
22591801,SAIFA
22582339,DSMF
22436864,GBRPT
22587443,SCJ
22441659,RSB
22597525,PDGS
22578229,CDC
22583482,BDA
22437048,RPRNT
22587510,TMAI
22592251,DKFP
22441683,CBCCH
22597283,YTM
22437649,HHT
22587584,DTS
22583521,EAEMT
22594956,CBAM
22441811,GMMD
22578509,MBARC
22587606,CFKIE
22437031,EAEMT
22582350,FEPCI
22597398,RPRNT
22595064,VETH
22578750,ASMAI
22583389,FIFS
22437206,SCIAE
22442124,CEM
22589058,LABW
22595183,CFTCR
22585378,CRBC
22442805,AEPCF
22437741,LDG
22597039,CFTCR
22579038,CEEA
22431482,BVWMC
22589514,CSSH
22437833,SSPCT
22585426,GHT
22595318,SGTC
22442091,PSTM
22589667,COPBN
22585636,COPBN
22432283,HCLEA
22436619,HFRS
22597372,EPVB
22579523,CEW
22586507,IVO
22432463,OSVG
22591753,HSF
24661019,HELEP
22442518,AMGRR
22585987,RPAN
22587157,DTPD
22431099,RCTM
22597966,MBKD
22578204,HSF
22591934,BAL
22442592,GRNSC
22587187,PGIJ
22582608,PMBR
22433693,CFJVC
22597061,DFAIC
22578359,BAL
22442642,AWW
22583156,RCN
22587541,MBTWB
22592662,PMBR
29010022,MNV
22442942,PAP
22578410,HRA
22433810,GPUDA
22442454,SSNLB
22584069,RPNG
22587721,VST
22594433,CMAVD
22578513,RERCD
22442495,DAB
24661660,PCATM
22584121,RMED
24662896,FCVL
22442647,MSSL
22586795,ODBAR
22578216,TIASF
24662929,MTCC
22442050,TBVED
22578377,LIMA
22587855,WSMGD
22597724,DFAIC
22598903,EODSP
22583303,CPH
22442230,REC
22578494,CRBC
22587985,SPRE
22594637,YTM
22599199,COPBN
22597908,ASMAI
24661141,DFAIC
22442306,GBRPT
22588010,PSW
22597106,SCS
22578541,AMN
22583546,ECSAB
22595275,RCAI
22442825,LDG
22602356,LBT
22588087,RPAN
22578644,EGLF
22584052,HFRS
22591696,CWMI
22441918,DGBRU
22602559,ASMAI
22578259,PSS
22588315,RCAI
24663028,LNAP
22578291,GFD
22582471,RCN
22592419,TGL
22442043,PATAV
22602594,IPWDA
22599048,MCGPR
22582635,FWBD
22592157,MBTWB
22578832,BVEAT
22601912,ACREW
22598119,CWNIR
22599097,WBE
22442640,LTS
22588781,UNSCA
22583275,PSNW
22601951,VCC
22442695,ECB
22578617,GPUDA
22599220,SBI
24661511,FEPCI
22583567,STMDT
22589527,SCS
22592499,RPBT
24663261,PNBC
22602019,PPLCC
22578846,CPH
22584148,GPUDA
22602062,CDXE
22598928,TGL
22442930,FEPCI
22597432,SBATM
22592785,CMS
22584272,PGIJ
22443205,BAL
22579371,CICT
22597554,APSF
22602474,PCDD
22592940,MBTWB
22586714,PBL
33300122,PPDCR
22578408,MBARC
22584306,ASMAI
22597634,RCN
22442213,CEEA
22591613,DKFP
22586937,FCVL
22578530,IGNCC
22601964,IFR
22442261,FEPCI
22594739,CFKIE
22599500,CWMI
22587103,ITDC
22598152,EVPJ
22584391,MBFIM
22602032,TSM
22591908,IAA
22579065,ECB
22587136,EBLUG
24662778,NIMS
22583318,RCAI
22443063,LIMA
22602267,EAVCG
22578334,VPLAC
22599679,BSE
24661515,IMG
22442105,BVTB
22578550,ASMAI
22602541,CRB
22583532,HSF
24662877,RPAN
22597191,PSGT
22586807,RARI
22578583,LIMA
22602217,GTB
22586896,LABW
22597375,APFM
22584147,MCR
22578636,NGPK
24663022,ROHF
22597530,GRNSC
22587085,RISG
22584196,MBARC
22602321,VETH
22598994,AAI
22578793,VPLAC
22584469,SBCCC
22587892,EAVCG
22602361,PPLCC
22599032,EPVB
22578842,PNRC
22584558,AIR
22588076,RMOSE
22597763,CMS
22595819,PIIRT
24664011,DAB
22578812,LBEA
22584582,PCLAR
22587026,SCJ
22602704,SGTC
22582678,RCAI
22599031,YTM
22578898,HRCF
22598052,SBATM
24661263,SSD
22587231,AEV
22583612,RMOSE
22607949,OMM
22578549,BHMR
22599147,MSSL
22592348,CBCPL
22587502,IVO
22597181,DGBRU
22579113,GFD
24663580,MTCC
22608199,MCYS
22583035,MCR
22592645,MBFIM
22603437,RPBT
29009500,FWMPN
22578542,TSWL
22607466,SSED
24662705,IPWDA
22602331,IFR
22587655,FMATB
22578594,EAEMT
22583217,PSTM
22607579,MSB
22602443,DFAIC
22599265,MBKD
22578675,GMMD
22587683,IAA
22607729,MGNBF
22583368,PCLAR
22602610,HHT
22598173,PTHAS
22578894,BFQTG
22582808,MBARC
24663225,IPWDA
22608327,PASP
22597136,SAAW
22588187,PMBR
22578910,EGLF
22594534,CFKIE
22599073,FEC
22608426,DEML
22585679,VST
22597564,RACC
22588484,GRNSC
22599123,EVPJ
22595754,MCGPR
22602322,EPVB
22579133,BDA
22607802,DEML
22598367,DKFP
29009432,MEB
22599237,RPRNT
22596092,RPAN
22583516,MBARC
22589011,MSET
22579266,NCRPR
22609741,YTM
24662952,IPL
22583577,MCV
24662662,CCVA
22587097,MCV
22578532,AMQ
22585220,SPRE
22607773,PASP
22597142,BDA
22602638,BFQTG
22578806,RPBT
22591971,COPBN
22599023,IFR
22585362,GRNSC
22597159,SEPBI
22602653,GRNSC
22587124,HSF
22578955,SEP
29009534,FOKV
22592178,POSS
22602801,BFQTG
22597171,MCV
22585443,MBFIM
22587162,RTB
22579086,HSF
22607923,IGNCC
22599155,CWMI
24664012,FLVT
22585527,COPBN
22587362,SSED
22578533,OFRP
22597479,SAIFA
22608009,PCDD
22599193,RCN
22585597,WSMGD
22587222,SCTTS
22602199,SLJ
22578789,QLCA
22597629,PTCIC
22608134,CIGA
22585700,OPB
22587600,RCAI
22578950,OFRP
22594556,TTTC
22597824,BAL
22607520,IAA
22602320,CGS
24663000,BPHY
22587908,QLCA
22585763,CFKIE
24661816,IWSB
22594714,IETPH
22708506,SEPBI
24663171,OCLR
22583201,UNSCA
22586943,RRBFT
22602367,LBT
22598353,BNSS
22708583,IAA
22599045,DKFP
22597360,AAI
22587051,IVO
22602451,GDABL
22600542,PTCIC
22708695,SCSS
24661110,VUAF
22599072,CBAM
22587086,GHT
22708995,IPWDA
22597615,AEV
22600826,BNSS
22602516,APFM
24662870,DAB
22709027,YTM
22587120,MBARC
22597692,GTB
24662902,RLO
22587368,EBGA
22601031,SSED
22592183,LABW
22711441,CDXE
22599367,IPL
22587536,AEV
22584036,CPH
22597314,PPETT
22592276,PDR
22602427,DSE
24662955,IAHD
22608140,PCLAR
22584135,PSTM
22594593,DKFP
22587608,IPL
22602532,IVO
22597387,TSM
22712377,MBARC
22584213,MCV
22595638,MBTWB
24663025,DGMDR
22587062,EAVCG
24664550,GHT
22602875,CSE
22584251,FCM
22592017,TSWL
22587255,DGBRU
24663068,AKLRK
22584418,CSE
22592194,RARI
22711554,KBG
22603043,BNSS
24663098,DFAIC
22608359,TMAI
24661705,EYRE
22582980,RSB
22587310,MAPTD
22712093,CRBC
22592559,IETPH
22608837,CDXE
22583639,FEC
22598175,GRNSC
22587408,PCLAR
22602515,PMBR
22608086,VCC
22583673,MCR
22711150,PNRC
24662741,REA
22587421,AEPCF
22592901,RSB
22602578,BSE
24662815,FLVT
22608179,IAA
22711963,VPR
22597516,MCYS
22587820,OPB
22594550,POSS
22602710,RACC
22599258,IVO
22587243,RCN
22712032,SCTTS
22597620,LBT
22595164,CMAVD
22602416,VCC
22607632,CCMGS
22713346,ECAR
22583654,SCTTS
22592129,RSB
22587319,GMMD
22608016,PCDD
22602500,MCYS
22583726,GRNSC
22597819,SNK
22711491,CBTBS
22608276,SCSS
22602884,CPH
22599397,CBAM
22585953,RARI
22587388,MAPTD
22711646,SCSS
22594397,CSE
22602914,AAALT
24661748,WFMI
22608482,ACL
22586113,MBTWB
22603006,CRB
22711740,SEPBI
22594650,RCAI
22599544,YTM
22607954,LNAP
22711861,RACC
22586853,CBAM
29009574,SCLP
22597489,MBARC
24662968,CPBPR
22587140,IAA
22608008,TTCB
22712230,RRBFT
22594984,FEC
22597818,TPAC
22587202,COPBN
22583501,EGLF
22608080,TSM
22711135,CIATR
24663036,CGD
22598003,PSGT
22608325,WSMGD
22585455,PSS
22602863,SNK
24664733,SSED
22608340,IPWDA
22587373,UNSCA
22592158,DGBRU
22602965,SBI
22599119,WPCSE
22598286,VST
22583529,CDC
22608488,PCDD
22592182,FVAI
22602997,DSE
22587531,WSMGD
22711633,RERCD
22597254,IPL
22599264,VST
22593306,IAA
22607840,PSBS
22603056,LBT
22585588,PETN
22711936,IGCA
22598063,PPETT
22599347,SCS
29009579,TLCNY
22593338,WSMGD
22587607,PDGS
22599359,MCGPR
22712123,IGNCC
22604734,CWNIR
22608243,MSB
24662024,ARET
22593436,SGTC
29009455,CAT
22605259,BCCTB
22583982,RISG
22608083,ACREW
24661627,HELEP
22592393,PGIJ
22587439,UBM
22600923,CWMI
22605696,ACL
22583107,FCM
22711040,VPR
22608126,BFQTG
22592426,CMAVD
24661678,JSDTC
22587643,DBSCL
22605769,RJMBS
22600976,GTB
22583904,MSB
22608148,PIHSW
22598254,IETPH
22594576,FCVL
22587665,LABW
22608490,ERQR
22585598,AEPCF
22598437,RPAN
22602743,HRCF
22608543,PCATM
22595139,LBT
22587884,PBL
22599088,RPAN
22585756,HSF
22608512,CIGA
22603018,TNRB
22597488,SGTC
22712681,AADYM
22587951,SSPCT
22585806,CDC
22608032,IFR
22595222,CBCPL
22711167,XFD
22599211,AEV
22603106,EODSP
22583755,CICT
22587442,SPRE
24661758,CBAM
22592472,FEC
22711427,POSS
24663099,CWNIR
22583767,MBFIM
22587818,RARI
22592569,PMBR
22608227,TEIT
22599339,FIFS
22711462,ACL
22584004,CRBC
22602903,SEOMR
22588167,SBCCC
22608333,NIMS
24662782,EVPJ
22711751,SLJ
22598902,SGTC
22592749,RMOSE
22602938,FIFS
22585292,MBARC
22599332,OSVG
22608041,EVPJ
24661725,LTS
22588482,GPUDA
22603022,VCC
22592941,RACC
22608362,IASWR
22599532,GTB
22584030,ITDC
22587330,CBAM
22603166,HFRS
22608519,TTTC
22587555,FEC
22593119,SAIFA
22711840,DRODR
22599652,SGTC
22608059,CGS
22597772,MCGPR
22588965,RMOSE
22593132,GRNSC
22603321,FLVT
22583335,TGL
22608087,PATAV
22589040,ASMAI
24661925,AKLRK
22602722,PTCIC
22599761,CMAVD
22593178,PSTM
22608175,RLSS
22598074,RMED
22602805,ACREW
22589114,SSPCT
22713591,RLSS
24662800,ASSB
22608187,PSBS
24662075,HFRS
22592227,CFKIE
24668481,LTS
22602885,CBAM
22711144,PATAV
22587441,PMSB
22608306,YTM
22711521,ODBAR
22599245,CFTCR
22608339,TAMGC
22583541,PETN
22603002,CSSH
22588194,MCV
22597574,BSE
22712722,FIFS
22608251,MCAT
22584041,DBSCL
22599493,GRNSC
22603331,HWDPH
22588309,FIFS
22712764,DSHMD
22608320,BDA
22584060,PETN
24661731,ASSB
22595214,WPCSE
22712802,CDXE
22608801,IAA
22584221,BHMR
22587340,PDR
22597969,CRB
22595618,RACC
33300201,CPAPB
22608839,SBI
22599541,EVPJ
22586421,RMOSE
24662110,MDO
22711686,PCCBS
22603481,RCN
22595038,EODSP
22599636,EMAE
22597716,WBE
22711855,WSMGD
22608922,TEIT
22587457,RMOSE
22599386,PTHAS
22598151,APFM
22603654,MBKD
22712696,WSMGD
22595404,PTCIC
22598272,HHT
22586627,CSE
24663034,PCATM
22603889,AADYM
22587714,WPCSE
24661890,CCVA
22595595,ASSB
22602726,PTCIC
22599295,TSM
22712680,EWC
22587760,RCN
22586865,MSB
22602850,OSVG
24661739,LDPK
