525827,SMS
525846,STR
525869,LFCSE
526175,SBFRS
525842,RVP
526234,DCSH
525907,BEBRT
525958,CLSE
525779,CEV
525807,RAV
526041,RBI
526206,VHTBD
525795,ABA
525836,EBKLG
525951,MTE
526000,CEAO
526059,PDS
526101,MTRM
525960,APBMR
525819,MGLCN
526152,DCM
525865,FPFFS
525913,LSH
525776,TBF
525990,EJAP
525983,WBST
525844,IRD
525870,CGP
525900,THFR
525969,CHDRP
526013,HFC
526196,PMMCW
526111,SEIEB
525898,LAEP
525920,PUTP
526074,SMFP
526197,TSCMC
525883,GEM
525949,BSMUT
526042,UFED
525911,MMDC
526107,VAP
526066,CCP
526190,SCSCC
525784,FOPJ
525811,CLPA
525825,BRGDG
526061,UIC
526174,TWCED
526235,WACI
525806,TEC
526194,FBDLI
525791,HGHM
525818,CDTAC
526209,TGOTI
525879,UBC
525867,ASRBH
525780,CHLI
525904,CSTVM
525933,CSG
526126,EDFCS
526136,BIR
526186,OTLA
526091,EIIIA
525805,IRAF
525781,EAN
525966,CDA
525849,BBSC
525785,CFGAI
525821,DPCD
525835,HTA
525908,MCTLP
525915,IMDAB
525974,NFNLE
525998,WTL
526027,CRWF
526031,JWOSB
526088,EMP
526154,KWF
526216,HHFIF
526156,MPFPE
526227,OHC
526063,CSALS
525824,IAOI
525903,CRCA
525973,VCDSC
526215,RWSC
526217,WECC
526130,FFD
525782,EAPP
525857,TCC
525948,ASA
526044,MWSSA
526054,IAPA
526067,SHQT
526071,SUNP
526137,VSS
526199,BICM
525830,CRS
526240,DGEDP
525820,DBS
525957,ECLPG
525944,EPD
525982,CTHFW
526082,TGHHF
525914,DEW
526134,DKG
526108,IECS
525804,CSSS
525938,IDVIG
526036,OPIPD
526073,PRD
525794,WPDPW
525772,VCTCN
525886,DRVO
525763,EWBO
525832,DWPC
525891,MTG
525912,MBM
525919,TCLHP
525936,CESK
525962,ENCBT
525968,TDIS
526017,CIIDO
526023,NOCCF
526033,BCPAB
526069,IPC
526113,HSS
526119,SCODE
526200,CAL
526226,IDM
525864,DOWP
525767,OBSIN
526032,PRLC
526140,PPO
525852,ADB
526195,PHSC
525922,DCMVC
526162,DCCTD
525789,CRDP
525808,CBHR
525809,WLWVL
525848,BWI
525854,ACPR
525877,TSCFA
525926,PMLEW
525967,DPA
525987,CSIMS
526019,RFOE
526117,ARM
526205,PGAF
525764,DCMIE
525768,BPCOF
526006,JPUE
526159,HRT
526102,OIAEA
525917,MIFDL
526090,ACFED
525803,HMBV
525888,ETEP
525770,IICAS
525992,VSSSB
525994,PDT
525800,RAA
526121,SREU
525932,CCHCA
525814,ASBS
525815,PPTP
525828,SFSEI
525872,PEJP
525946,IFW
525955,BOF
525964,UPJFP
525988,KDHI
525989,TCPOB
526053,OHTAM
526096,GET
526124,CNOT
526155,MMCA
526201,NRLS
526203,LTMSG
526233,CRP
526115,PIPH
525829,CTTGM
526025,PGO
526035,BSCEA
526202,CFTOA
525790,ATMEC
526078,DASO
526193,DBT
526003,NAJE
525798,RBCRT
525952,UTT
526080,MTA
525796,GCVP
525810,KRC
525822,CSBFO
525863,GER
525924,DDMDQ
525991,HIL
526008,GPPAT
526020,SRI
526028,FATC
526029,USPB
526046,PPAWP
526050,IIACP
526125,GCCB
526132,SHAES
526158,SDPU
526163,FGORV
526214,TADM
525862,HCRVP
525996,ULNPG
526014,FCJ
525851,PWC
525935,RSOFI
525777,SHD
526182,MEAC
526045,AMMTW
526211,KGMMA
526024,SPPW
525762,SRTCV
525980,GTGJ
525766,PLEMB
525793,RCWPA
525826,CBC
525847,DCS
525876,LMGAE
525882,SGL
525890,MSRIS
525909,WCBMP
525928,HPE
525942,AFFE
525953,DMSB
525977,MPCG
525999,PSHST
526002,PDW
526009,CAAF
526047,ATV
526065,RPLPA
526085,PHDTC
526110,ARPRC
526144,SGCC
526189,FNB
526222,CROS
526231,VTC
525801,ILEA
526114,BPAHN
526232,CALV
525873,STF
526004,CPCEB
526062,PWCBK
526148,FSBI
526057,OGAAS
525802,SMSR
525761,MSPEF
525995,VOA
526012,AMA
526049,LSSLL
526122,EIO
526187,SLCM
525868,PCH
525880,OSSOF
525884,CST
525902,VMC
525945,SQACR
525972,FRFPT
526015,AMYR
526048,MSL
526056,RDCHS
526094,MONBB
526123,RPWMB
526210,PTS
526224,MFCSS
526228,WSBC
526241,CRPA
525765,TSVC
525769,WFOS
526147,GFCS
526239,RSMAC
525874,QRP
525878,IWPAP
526208,DDCC
526135,VBCA
526230,EDC
525812,CBSCA
525871,QRF
526176,BASSR
526219,ATA
526058,BFA
526127,SSAN
525837,VGMCF
525843,EWCCA
525855,RLT
525899,CMPP
525930,LTE
525931,PTLIB
525937,PMSR
525941,OSTF
525961,SBCH
526010,LHFP
526030,TDJC
526037,MCPP
526064,ACCRC
526084,DAO
526089,ETE
526150,DIP
526161,ICAD
526171,RMTS
526181,ASF
526191,RIEIM
525905,QAMM
525910,RTEN
526060,LPHSP
526173,ATAC
525929,LBE
525979,ASE
525858,BINTL
525975,MAFG
525976,PMA
526198,LPB
526100,DRSBR
525833,ACBBI
525934,IAEA
526167,WGCC
525893,CQVA
525799,APBPF
525831,PRE
525834,RMVS
525838,STT
525839,MSA
525860,EAT
525921,CSRSA
525940,BTJA
525965,FPTCF
525985,SJP
525997,SCM
526001,BAHA
526016,OTF
526018,MAHP
526022,MSF
526043,SRVPM
526131,OMP
526141,TQCP
526184,ATSB
526192,POP
526204,SLCE
526220,DFC
526229,CKTEW
525901,SRG
526118,TCST
526142,SJG
526183,COH
526218,MESD
526034,OPS
525774,ROLMR
526138,RSDCI
525816,RFCB
525889,OIMO
525984,SLMF
526092,PSBAR
525771,SSCD
525783,BSR
525950,AFW
525963,JABEW
525971,SAAP
526005,CSM
526052,PSLT
526070,FRC
526093,DRMTD
526099,PRCV
526116,PJTGD
526143,ABWD
526145,KCVEM
526165,PHPSF
526166,TCCES
526223,AIAOI
525823,TPGBN
526021,CGDLS
526242,SKCCP
526081,OWCS
525895,CAC
526038,PEST
526086,QPGC
525927,SMAB
526149,PADCU
525775,RMLH
525861,SCSSA
525887,CSICS
525892,TIJ
525978,DSP
526106,ACDC
526133,ESGN
526151,WRT
526040,RCFCZ
526097,BFC
526238,MACBJ
525894,CCMI
526079,BYIC
526212,GAI
526213,FDUWF
525788,LSS
525792,WTECG
525885,RTLIA
525943,PWEC
525947,ASC
525956,AMMAB
526039,AIA
526128,APBH
526164,CMPG
526225,BSBS
527025,EPVB
525853,DHB
525925,MCDTP
525970,GAIPB
526170,VCBQ
526077,PSST
525856,ORRER
525841,YNLES
526178,FTW
526055,HPS
525797,ADEO
525896,ADWL
525897,SLDM
525986,ACBSC
526007,MSSAS
526068,EGPU
526072,ECSS
526103,DLMD
526139,JBP
526169,MTMAS
526188,DPHM
525939,AHR
526129,BPAC
526105,PBJ
527037,ECB
525773,WIC
525840,ADRP
525845,CMSBL
525875,UCFD
525959,SAS
526026,APEUA
526075,RWV
526172,WSALE
526177,NMIS
526011,EJH
525918,AMHPB
526157,EWCLR
526120,MQYI
525916,ECA
526051,HCAAD
526237,OVC
525866,RTCA
525954,IABP
525981,FBWD
526083,BSM
526109,UKW
526153,HCF
525906,BPLCC
525778,ILTCC
525993,OBSNA
528074,HMKM
525786,SWCD
525787,CSFB
526095,AFAP
526112,ACSO
526168,LDIB
527576,CRA
526180,PDDSM
526207,PTC
525817,CQCA
526076,PBICD
526160,MPDR
526185,PDCLP
526221,MFC
526936,PCLAR
527611,SLCR
526104,CHCID
525256,IAJP
525850,SCEC
525859,HSWPB
526980,SSSOS
527269,VCW
527274,ILUES
527518,RCA
526871,ECAR
525813,IRC
526179,WSVW
526740,FCVL
526987,SSNLB
527091,SSLAE
527125,IPWDA
527126,CSSH
527211,EPS
527233,TLCNY
527466,MCCPS
527504,GBFD
527629,TFSB
527945,PPDCR
526098,RECSF
527532,MTR
526146,NTCCS
524789,FQEA
527326,SRW
526820,WSMGD
525375,ETD
525544,TNPPA
525622,ECDT
525626,IVC
525649,ANSC
525923,RFA
526813,PCAO
526830,LNAP
526904,TSWL
526907,RCTM
526910,LBT
526939,IASWR
526955,NGPK
527063,CPH
527097,RPBT
527224,BPBCA
527302,ACCF
527330,TNSRI
527468,GFO
527565,EVA
527628,PFMK
527455,AMES
525676,RGA
527309,ANSW
525137,NPHD
526778,MTCC
527246,CQSS
526236,CEGI
527372,SMSM
524882,PTCFA
525452,EYE
525459,MPFAF
525665,DLSP
526723,CBAM
526810,OFRP
526819,CFKIE
526839,DPPN
526906,VISSV
526909,EAVCG
527045,DRODR
527049,RPNG
527111,GBRPT
527226,ABTRY
527237,WPF
527281,DPB
527297,PSH
527298,NAHLG
527307,BLSC
527352,PSBC
527401,HRO
527474,ESF
527521,BGPBP
527631,CPSM
524886,LRJM
527690,IMAST
525487,TRS
527197,RAISR
527230,SACSI
524807,CSGT
527940,IED
524699,CJFCA
524931,TDASC
525670,WTAPE
525755,CPSO
526721,MDHD
526736,SHNF
526782,PVFHT
526795,ZOPDC
526823,TTTC
526842,FMSN
526847,ITDC
526897,PCDD
526920,PDGS
526989,SCIAE
527007,FASA
527057,PASP
527077,IGCA
527086,DKFP
527187,ADSAE
527196,RDSPC
527261,TMR
527282,FAIPC
527413,CCF
527454,CTDF
527473,FDMGH
527578,FWMPN
527669,OIN
527797,RAQSD
528044,LPCBS
525164,CEIS
526923,RMED
524821,RMDP
524959,QEAIS
527241,EZLR
525133,MBPPN
525532,DLA
525578,JSB
525172,FBI
527542,EBEBD
525055,CVRC
527492,KSE
526969,AIR
525134,JPALS
525357,CPFPV
525455,CELHC
525591,VSF
525617,DTG
526748,ROHF
526807,CEW
526876,HHT
526894,IAA
526913,GFD
527008,EYRE
527118,AMQ
527129,MSB
527166,KPW
527217,VCMC
527219,GUBT
527312,CGR
527334,DMLA
527358,MUC
527407,MDME
527417,SFTE
527443,PDSSP
527476,VMM
527483,HPMR
527529,ZPEA
527591,SJPTC
527606,HPW
527609,GDTDS
527636,CSXH
527646,ATDT
527767,AEA
525502,FISRB
527229,RCMBM
526730,GHT
526768,TDRCT
527292,AMRE
524890,CTP
524927,HBPCC
525072,HRDLL
525480,RFIH
526878,PGRT
525016,RTA
525440,WSRRA
525734,SKWT
526885,GDABL
525023,ALI
525325,CRL
524856,INAC
525161,TSME
525426,CGERE
527333,PDB
526872,AASRI
526741,DBSCL
524794,GAF
524878,GFT
524889,EPIBT
525273,MNREB
527114,MBTWB
525083,EDIC
525203,DAIDD
525315,ARA
525335,VDEA
525366,HVLS
525638,SXWHD
525657,CTLLT
526726,ESW
526737,MSFR
526751,ARET
526826,PBT
526880,PSS
526896,DAB
526918,CMHBP
526919,RDTC
526924,IBAA
526925,CCVA
526938,PRCJA
526941,RLO
526959,FEC
527006,TIASF
527023,RBTR
527031,EPVNI
527034,PPBB
527067,XFD
527090,MCAT
527099,IPL
527102,BSE
527137,ODBAR
527245,MRROE
527288,RCSRD
527300,TBPDC
527311,DPC
527327,PHSB
527348,DPBCE
527470,BDRDB
527503,SHZH
527523,BSAI
527535,CPIV
527552,MNV
527723,GNCP
527820,RFC
528038,SEGEI
528040,HCSV
525539,HMDA
526932,FIFS
527183,ESM
525042,MVT
525116,SCPP
525729,SCCBD
526717,CDCP
524865,DMRI
524971,SPH
525494,OXSDB
525411,AVPS
527832,PGADB
527515,CWAS
527747,CDH
525051,OTS
527765,JHUPW
524788,SCL
524801,CHR
527167,EAEMT
527280,AART
527952,RAT
525700,BSSBA
527384,OSWJS
527587,HAS
527902,MWPFS
524961,SKNR
525152,NES
525275,CASOL
525279,SGCO
525324,FMI
525396,LCPMV
525569,SFD
525637,RCB
525656,ETDP
526720,LIMA
526722,PDR
526728,MCV
526745,TGL
526758,HSF
526761,BDA
526764,STE
526777,IWSB
526786,CAAA
526821,MKV
526838,SCTTS
526846,BPHY
526860,CDXE
526891,SSFDM
526892,BTPF
526893,DFCLO
526935,PTCIC
526953,PBL
526968,MSSL
526970,VETH
526971,IUW
526984,NCRPR
526985,EBGA
527092,UNSCA
527147,GRTLE
527157,AJS
527159,LCSA
527160,URPN
527192,WLGN
527223,CDSSC
527228,DCF
527242,SCDR
527278,JPT
527295,PBTMD
527304,RRSSB
527338,NIFE
527354,PAM
527366,GAE
527368,CWA
527395,TREM
527418,LCCPP
527424,CPPAT
527425,APCYU
527426,TBGMI
527448,POC
527456,GWSMP
527471,MRCNS
527497,CVC
527500,SEVB
527511,PPA
527516,WHFGM
527562,CDE
527599,DSMA
527608,VPCRV
527633,ORRR
527709,FTLM
527710,OSE
527905,PSGWA
525007,ELS
527409,SHSAI
527858,CPAPB
524932,SIAC
525268,BCSFI
525563,ACNT
525687,QCRSD
527216,OOJ
525600,IPTBR
527016,CICT
527178,DPBI
524950,BFEC
525398,YEIO
525417,PRMRI
524957,VTW
526866,SAIFA
527967,CADLS
524962,DRRFC
525361,IGC
526889,SBATM
527584,BIMF
524937,CCPL
525200,RASGD
525691,CDRG
526943,SAAW
524879,PSMBO
525711,CCSJ
525727,EDAMR
525491,LMRBG
527089,RSB
527176,PAP
527393,BUPDI
524902,CIC
525122,OPSH
524828,SPDP
524973,RRGE
524990,RFBC
525050,LPL
525154,IDTMC
525314,SPS
525341,ITC
525368,ASWH
525448,DNV
525483,ESTS
525506,MRTMI
525612,BTWUS
525613,EWRS
525619,BIPT
525659,JCRM
525710,PBES
525732,VSP
525739,VMSS
525759,BDLPC
526716,HETA
526724,GRNSC
526734,GMMD
526759,REAI
526788,VPLAC
526803,BNSS
526841,RMOSE
526864,TSW
526865,NIMS
526911,CVQ
526930,BVWMC
526937,GTB
526951,ASDH
526994,SSD
526997,CSTHS
527004,PGUCU
527026,ERQR
527060,MAMC
527061,PNRC
527072,CPBPR
527085,PSOS
527123,CFTCR
527128,YTM
527134,LDPV
527151,RCN
527181,ACP
527220,SIFCC
527225,DYP
527240,VCVGP
527263,QTTHP
527271,ASPDI
527303,JDW
527316,CGB
527328,CSDW
527342,OEFC
527349,MHWAA
527369,PLA
527376,OMPR
527391,ARVO
527420,ACTVE
527421,SDPP
527427,SCFM
527435,IGP
527444,KCPM
527477,RALF
527499,WBHML
527502,PCS
527508,ABR
527512,AEPBM
527519,HGNO
527538,AHPH
527546,FEE
527560,VADC
527570,SRRC
527579,MICW
527627,PRLHL
527732,CJBD
527896,ILCTA
527984,HCIPC
528003,FVA
525574,BDP
527551,SWM
524975,ADLG
525493,CAVG
524842,TCS
525113,PBIR
525219,EAB
525371,MTI
525188,IOASS
525433,MPPCG
525193,SEEIP
525267,CCGM
525317,DRFJB
525463,CCMBS
525636,TALBP
525666,RTDB
525688,INCSP
527597,EFE
525082,JHEWI
525221,RFCCP
525682,AATEN
527525,TSPE
524916,HEEEG
525010,CVB
525043,RRCFR
525092,CAPE
525590,ERE
527030,PMBR
524802,PFS
524831,PITFT
524933,RCC
525021,DCADE
525057,PAIM
525242,RDJPS
525603,TTG
527093,EWC
527252,DQOA
528100,GBSSE
524981,BTRY
525098,ECI
525477,ECRCT
524854,HSOS
525085,ALCAR
525191,TOOS
525195,HSSS
525437,GOTW
525713,WASD
524404,AGPW
524814,CBG
524871,SSTVA
524875,PPFCD
524885,ALR
524977,OAVA
524983,IARWN
524997,VSOSK
525002,BGSWV
525171,CEBTL
525241,PROR
525285,SRWS
525298,VRG
525334,RLWBP
525346,OWT
525355,CBEPE
525359,CTA
525383,BANS
525402,AKQ
525422,EPL
525470,CCT
525486,PRP
525533,VPITD
525559,CPVDT
525560,WTS
525644,HPP
525652,CRF
525663,HTCSB
525677,BATWS
525718,AVDHA
525741,MKAMC
526732,REC
526739,CPEL
526749,LVOL
526763,CWNIR
526767,BVGD
526776,FWBD
526787,MSET
526804,TAMGC
526836,HTAHC
526853,CSE
526861,AAALT
526927,MPADC
526962,FEPCI
526974,IMCGG
526995,BVTB
527027,OCLR
527032,TMAI
527047,IVO
527058,SISAC
527080,RLSS
527087,ACCTP
527105,AEOO
527106,RARI
527116,ASMAI
527140,BAL
527143,RTB
527144,VUAF
527168,QLCA
527172,HRA
527191,DPDB
527206,SABYS
527218,CDND
527277,GFVE
527299,CRCMI
527335,MHDDP
527336,FASAF
527364,NBHF
527367,BMCA
527377,KKA
527390,FEWS
527416,PCSO
527419,SWO
527446,SRLT
527469,RSW
527480,TACE
527522,EUPPC
527541,EIPE
527563,ABE
527575,AICEH
527585,PLPR
527615,VOCRE
527622,ETDL
527626,ISR
527650,DAMS
527735,BNACC
527795,PTE
527856,MMNIL
527890,SASS
527956,FSCE
527992,HFCC
528066,LRRS
528070,SRC
528075,MMLFM
528085,VIT
524930,VSBS
525605,FLDT
525704,CHE
526986,PBD
527232,MCC
527490,RBDPO
527527,ISSG
525099,EMSCF
525244,DVMLF
525535,JIMBA
527370,IBPT
527933,ACSSE
524851,HCB
525120,NOU
525225,NCDPI
525549,PBASF
524939,PLR
527573,SASF
527937,DGE
524833,DCEPH
525039,RDAP
525211,EHC
525312,TTW
526834,DSHMD
525146,WPPJ
526961,WCWS
527256,GDLMR
527399,AWSS
524378,APTVO
524989,CSF
525107,CWS
524818,BTSZC
524914,CARL
525018,TSBBS
525065,GPRO
525075,DSO
526884,MCDGA
527595,MSAF
524816,BSDSI
525281,BBSMP
525707,MTSFG
526756,SPD
524805,SAPC
524948,FDRT
527553,CME
525088,RGMD
525157,XTM
528086,RMMNS
524873,PPD
524918,PCP
524940,PRMC
524991,PFHCR
524999,EPIB
525000,RTS
525110,EARA
525127,IBNPR
525233,IHRAR
525245,KCHT
525339,BHSI
525376,PSTC
525380,PCLCA
525397,VSQAC
525420,MPS
525434,GCPA
525474,FWM
525476,OVDF
525485,SVD
525518,PSQ
525547,INS
525584,TPC
525586,SBCG
525597,QGG
525607,IMDE
525624,RAAP
525634,PRT
525642,GPJ
525658,RTOI
525667,LOERP
525668,PTCLC
525673,STFE
525681,AEC
525690,CRC
525694,TRO
525695,FLVHE
525699,AAR
525717,ASIS
525728,KLA
526738,JSDTC
526772,NMPA
526799,WPCSE
526816,MBSD
526824,COPBN
526845,MDO
526848,CEEA
526851,AWW
526856,TSM
526857,SGTC
526859,AMS
526898,CGS
526901,CBTBS
526902,TBM
526912,FCM
526940,FVAI
526942,VESFR
526947,DFAIC
526956,FLVT
526967,RPRNT
527013,RCAI
527028,UIPP
527043,EHMA
527052,SSPCT
527108,SRB
527109,OSVG
527122,STMDT
527135,CIDO
527154,CMAVD
527156,ESMCC
527162,TTCB
527164,SPC
527202,ICAEE
527214,ODH
527222,MREDJ
527235,WBR
527238,SPAMC
527249,FSHEC
527255,BCSE
527270,TARD
527294,ROCF
527308,SLR
527350,DBH
527362,LCCAD
527371,MRSU
527383,CIL
527386,WDCT
527422,EMC
527429,SOBL
527442,TNV
527447,FAAE
527452,FSR
527484,BRHFG
527486,LSHEP
527491,OASS
527494,TIBA
527495,ESQ
527496,UTA
527526,ASSJD
527568,HHH
527571,SCLP
527572,SAFAC
527589,BMM
527600,SBKP
527619,PCSCA
527623,CLCC
527624,CAE
527625,DMQS
527645,AETHE
527655,WVHM
527696,CGPEE
527719,PAC
527740,ILHSP
527806,PPSCF
527814,SCD
527839,KWY
527854,IAPN
527876,WOAR
527880,BHPSP
527947,NUAH
528001,CPO
525011,PLM
525015,CAAT
525105,PSSA
525114,SUT
525220,SPKJ
525540,UFHJ
525683,BTSE
527821,CBSH
525012,SSQR
527594,HDM
524507,MPRI
525095,PAMLS
525136,FEPC
525227,DURM
525427,WCINS
526742,MCW
527210,DCFE
524741,HAPF
524915,PSDYC
524929,CRRE
525475,MII
525751,WMHFP
527387,SRAD
527590,SELT
527715,GMOM
524896,APAB
525192,SMCCD
524841,PWBIB
524951,SBCMM
525289,CESP
527101,TNRB
527173,HFRS
528054,EMGMI
524638,CBWE
527801,NEP
527988,APTC
524534,TCDM
525515,SRPED
527528,DCA
524500,AARP
525073,LAA
525093,HBI
525222,VRI
525414,CEC
525418,CDOGT
525523,AGP
525530,GAIR
527318,BPCI
524770,THAPT
525342,ACRRC
525672,LBDT
527001,RERCD
527620,BFO
524864,HPABC
527320,TPCRP
524877,EEL
524986,PMS
525059,PPHBM
525100,TPCCP
525111,FLSD
525174,SAB
525231,SCHV
525278,TAV
525316,DOVAA
525356,CHU
525370,RIH
525372,BRC
525381,DCCFC
525386,CCS
525390,FPASP
525391,KFG
525407,CFB
525412,SSPW
525428,PLP
525429,IDHP
525438,BRCP
525445,ESTOP
525466,GCRC
525521,OSCP
525531,BABCA
525551,KDOAP
525579,EHDFP
525587,FBC
525598,HPVM
525604,CCW
525610,HSOC
525630,MSFT
525632,ARJ
525646,CAHES
525678,HLCEA
525689,PCR
525703,FEMKH
525712,BNDP
525715,SASPP
525722,TPB
525740,DRC
526725,CWMI
526735,DTPD
526744,LABW
526762,BCOS
526793,APC
526798,AMN
526811,CSFC
526812,SOCC
526862,DBSE
526882,OPB
526883,MSADP
526890,MCR
526914,REP
526929,PNBC
526963,BHMR
526965,EMRI
526966,MAPTD
527011,SACLS
527036,DGBRU
527050,PATAV
527074,EMAE
527103,BADRR
527107,PTHAS
527121,DMPC
527131,USRJP
527155,SCSS
527182,ALT
527184,HNWFT
527207,DTLNB
527212,APGA
527234,RFS
527243,SGPGP
527257,SCME
527265,RLMB
527268,EFS
527273,CCIM
527283,STA
527287,INO
527315,RTLC
527331,GNKPQ
527341,WMW
527344,EIM
527355,SJFA
527361,FMSCM
527365,WJN
527392,DOTC
527430,VISPC
527451,CDES
527457,DPF
527467,CPE
527481,ACLE
527513,CTSRA
527517,RTSIS
527531,LICCD
527539,CETV
527544,AEUSV
527550,FFAMF
527561,SROV
527604,CPSOJ
527610,BGP
527614,OTAEC
527632,FFB
527659,OCRPP
527677,SIVC
527694,PLIS
527721,CGSS
527729,NCSC
527737,WCTC
527777,SBEB
527778,TETCS
527782,EMPI
527790,LIRPG
527800,CRDS
527815,BWKA
527816,PDHMM
527823,PAAF
527824,KPLRM
527830,MVHD
527840,MBE
527873,FTRDB
527894,ASSL
527901,IRJ
527907,NGD
527909,HSMN
527910,WTP
527922,AXMAE
527948,ORT
527962,TMS
527974,ABTA
527976,CABPS
527986,BDF
528022,SSRGM
528076,OPFRD
528081,NPIH
528089,LSAEA
528090,BHMC
524894,CZIAE
526957,EVPJ
524509,SGFP
525026,HSE
525155,CFFP
525169,TBSL
527794,CFTS
527862,ALRS
524408,RGSI
525041,SIM
525064,SIO
525250,HOBRF
525473,RPDFP
527779,VGOP
524820,EEB
524837,THT
525020,TAUB
525253,CJICL
525282,CFA
527314,STCTD
524406,TIT
524803,BMTP
524857,AMPOL
525224,NCPC
527231,OKR
527438,BRPAR
524480,AEP
525063,CBP
525270,CRAQF
524621,ASSC
524787,MBUTR
524934,ACST
525052,CDPSS
525214,CMCNA
525226,EMBP
525235,SFCTG
525280,SRCLE
524427,UBP
524813,LCYEG
524858,TCRL
525664,TEDDT
527158,MCYS
527198,GJOC
527450,CCTES
527799,MDFI
524698,RDE
524824,RSR
525257,VPTFD
525259,DMC
525304,PPFF
527699,DSSDI
525017,RAE
525294,PPT
525550,PFPRC
525669,SILR
526887,WCS
525204,SMSO
525431,WMQ
526797,MGNBF
526827,TFPPR
527005,PETN
527339,CDRIC
524996,DENLB
525216,ADL
525680,SMNPS
525744,ACC
527482,VRDRO
524530,DTMDH
524853,MDSP
524903,CPESP
524980,PER
525001,CWB
525022,OMPAR
525037,PRMWL
525044,AFPIP
525061,RCTA
525090,STCS
525142,LCOP
525181,PIR
525202,CTVZV
525229,MISC
525234,WAVP
525292,CDCPH
525319,LFRCD
525323,TRWS
525328,SNECR
525353,JTC
525360,RCE
525377,ACUUM
525388,SAMCS
525400,PPCE
525410,SITDB
525415,OCDPH
525432,JECP
525435,MOG
525439,MUP
525488,IIEDA
525501,PGABM
525510,DEVTD
525537,SML
525546,KSLTB
525565,AAS
525573,BSMF
525650,SLSPS
525655,PNIBA
525684,SCSC
525692,IOAC
525705,MERDS
525726,MBV
526714,SSCP
526727,DEML
526731,PPLCC
526757,SPRE
526774,WBE
526783,CGD
526818,SPI
526840,SAPN
526858,BFD
526877,JSBC
526888,BVEAT
526895,TTSS
526899,LTS
526900,HEM
526949,HWDPH
526952,FNP
526960,LDG
526972,EODSP
526977,CBCCH
526982,CFJVC
526990,PIHSW
526991,CFEHC
526998,GCB
527000,ACL
527012,DSE
527018,RVS
527024,PNCQ
527033,HCIHS
527039,IGNCC
527044,SBCCC
527078,CPUI
527110,AKLRK
527115,GTF
527136,RCSAC
527142,EGLF
527152,CPWEP
527165,PCPS
527189,MEB
527194,AFET
527205,SFLSC
527221,CSWT
527248,PVD
527250,WGBI
527251,VIAPP
527254,ESTMC
527258,FNRK
527275,STSAP
527296,HLIMB
527313,BSGLC
527321,SES
527323,EAIH
527345,TCWC
527347,ASD
527351,LROFS
527360,EORNE
527394,RSCE
527414,CZTT
527415,RPC
527434,ALRVA
527436,ADSTS
527439,JEES
527463,MCIM
527464,SRM
527478,PSEDT
527509,BMAPA
527510,CAT
527540,ERCO
527543,NFCRV
527554,PUD
527555,STIN
527556,ISSS
527557,SSADQ
527558,SBPIA
527596,BHS
527602,NSTMS
527607,CSCAS
527612,THMEF
527621,SWINP
527638,HCSPB
527657,RBA
527665,BPU
527681,ACAA
527687,CEARG
527703,SAT
527704,SJSPS
527724,CGEB
527727,RNU
527742,IVALN
527746,SVRP
527749,CPDA
527758,SRUGE
527760,RPD
527791,TWB
527792,ATRMC
527818,LFRSR
527852,DDG
527859,UPQC
527892,VWSS
527912,FBPRH
527914,MTBF
527934,CPSH
527943,RMCTN
527993,PCTRP
528000,ETT
528006,OTNE
528023,ICCWC
528026,LEP
528043,FSOC
528056,SNTBC
524412,RPE
526822,HGM
526917,EBLUG
526996,HSI
527536,SPLAH
524843,DIF
524849,CETRO
524852,SALFA
524955,ETABM
525056,EOOK
527293,SQPH
527668,HDBP
527828,CENIW
524838,EELF
525176,AFA
526948,ACREW
524383,HPSID
525230,SST
525274,TBH
525548,BBBMP
527980,VPCJ
527990,COSC
524954,PEJA
525101,BNCB
525648,DCB
527549,STEP
524785,STUA
524919,APCC
525272,OAB
525467,AAEP
527117,PPETT
527440,FBSER
527507,LLWDW
527598,BHIC
527900,ATSRR
524349,PPDTR
524391,HERWE
525109,APE
524810,DDERP
524850,CJPDP
525123,LRL
525240,EEPD
524778,CFOP
524799,BUST
524835,GRSBD
524910,SGP
524922,AAFL
526833,BSS
527889,FPI
525144,CSPBW
525223,IWT
525239,RCNEE
525408,MTCCF
527174,SEPBI
524834,MCRN
524848,AVPR
525206,HMCS
525594,WPPNG
525609,DVP
525070,AMC
525074,IFU
525264,CLFFA
525528,TDE
527130,CEHBJ
527991,ADHE
524675,EIEFJ
524823,PRPBS
524826,PCCSS
524847,CCDI
524901,AVMF
524938,ECC
524972,SESAM
525126,LRSNE
525201,ACMEM
525207,RFL
525209,AWB
525263,MTFP
525284,IFEA
525302,RWMO
525307,CJJF
525336,CTC
525362,SHM
525363,EMII
525367,KMTVS
525379,WCSB
525423,SDBGI
525454,WEPPA
525460,TPPRC
525462,VIP
525465,TGRDP
525478,ADFS
525489,RMN
525497,TFT
525519,PAR
525524,JON
525534,DSVT
525536,ISOI
525552,RHS
525566,FSRBO
525580,HWGV
525582,MSAH
525588,KFS
525606,SSRL
525614,MMSC
525621,PFE
525635,OECIO
525693,EPG
525706,WFC
525719,CFD
525720,PVL
525733,APA
525758,CPMCC
525760,TTT
526712,ARSE
526753,CCMB
526779,PSF
526789,MBARC
526796,JESSC
526801,DTS
526805,BCPE
526828,FBED
526829,SWFFR
526831,TDA
526843,AUMMM
526849,PCATM
526850,LBEA
526852,PGIJ
526854,CRBC
526867,AADYM
526950,DIPDS
526973,BEST
526975,DHCH
526981,PCCBS
526983,VCC
526992,RDJG
526999,CDC
527003,GPUDA
527010,FRS
527020,GSEI
527029,HCLEA
527059,SSED
527066,VCIDS
527075,NMSAF
527079,AABL
527088,PSBS
527098,NOCM
527100,PTPL
527133,MEEA
527148,PSNW
527161,TULDV
527171,DBSPP
527185,CEZAS
527188,CYEGH
527195,CAFLA
527200,TOCMS
527209,ATM
527213,PNBH
527239,UBR
527286,PVS
527289,DMTL
527305,HTAEA
527310,RMCDB
527324,ACTE
527332,DLRMT
527356,TCOG
527396,NCA
527412,TRW
527423,ACVMA
527431,SRIE
527441,MFFPA
527458,SPPT
527489,OMDR
527506,TSII
527520,CCSBS
527534,BYRT
527537,PDI
527569,BACAE
527577,CMIID
527580,TESPP
527613,DBPW
527616,OPI
527618,OMKQA
527630,TSRR
527634,SMSA
527649,BATT
527652,GSF
527654,CQDE
527660,VSNM
527666,FFIEL
527673,PAW
527714,SLBST
527718,HDOS
527739,PDRB
527745,TPSC
527757,TITS
527783,BSIT
527869,ISSSD
527870,SHN
527881,CMFO
527895,TSAL
527897,HIVCL
527899,WCTTS
527920,BOBB
527935,GPDS
527950,CPC
527982,CMEEG
528019,CSEPC
528082,NSAMW
524749,CPCDP
524795,WSPN
525143,ABTCN
527071,CCMGS
527877,PMC
524377,VEC
524380,BTR
524416,PSC
524872,MESHV
524993,SCP
526976,BCCTB
527204,SYMS
527971,TCBO
524819,SEN
525081,IBPGB
525271,VIW
525345,EIE
525585,ACH
525641,PAE
525651,IAP
525735,CRDM
527009,REA
527083,SRUS
527406,FOKV
524504,KWSSD
524987,OPMN
525045,CHC
525329,CJCR
525405,DTSV
526855,UBM
527479,CMTPW
527874,GAKM
528017,CFSPP
525014,RSPR
525084,ISF
525498,BCB
525750,RSNSV
526993,TEIT
527640,CABP
524469,RPADB
524630,ALS
524817,ISMWE
525027,AIT
525086,RASR
525115,FCK
525173,LES
525545,CSPE
527741,ESL
528098,CCUA
524393,LDECH
524441,ICPMB
524637,CEEN
524726,CTSDT
524776,HVPAC
525004,CRFE
525029,ICOR
525030,OSDL
525138,SFAA
526785,WFMI
527035,MWC
528046,MPBTU
524658,DAPG
524759,PPSPP
524792,FEFI
525106,FDM
527893,PTESD
524883,CFDSB
524936,CEHED
525040,MSE
525187,EBPOL
526944,IFR
524604,CDLS
524917,MDEKW
524992,PRTA
525054,CMP
525748,SSKB
526870,AELEW
524533,SGD
524538,CIT
524614,CSGPL
525068,FHMGS
525139,CEPII
525210,PSPIC
527849,EEPR
524674,EUP
524760,WARC
524839,GSR
525053,CRM
525080,MPP
527680,HPRWM
524527,AMCBC
524822,SMCCP
524863,DPVGR
524895,DCLF
524920,SBN
524923,SSHDE
524942,WOC
525006,FMORD
525058,DVSB
525060,CAA
525118,PCD
525306,VPA
525311,EBLWP
525320,EMRMC
525326,RDBTH
525332,IDBOA
525347,BSV
525351,DPL
525352,CNNBP
525358,ERP
525382,VEF
525387,LTFI
525389,JCV
525404,FFBAM
525447,BSP
525453,DTC
525461,GSBMB
525464,OIT
525482,PASE
525484,PBSCD
525490,LCY
525527,TREF
525542,ENGPF
525557,ARFBF
525572,OMTSF
525575,TRVAC
525577,JERDG
525581,PPWSB
525639,HOB
525653,OPSC
525662,PATFE
525714,SGHA
525716,BRSSK
526715,SIWC
526719,DSMF
526743,BSBIA
526750,APL
526755,TIC
526766,MCGPR
526769,AMVL
526775,ISVGP
526784,CRB
526792,AMGRR
526817,TAF
526844,TFES
526863,EMSLG
526881,APFM
526903,AKRT
526905,MBFIM
526908,TEP
526915,CCLRE
526933,MVOS
526988,PPSCS
527021,DNAHV
527038,TBVED
527041,SBI
527042,SEP
527054,RRAS
527069,PMSB
527076,AMSVP
527084,PMCS
527113,DIFA
527170,SCSA
527199,GMIIS
527247,EUOTC
527259,ICOCA
527276,CCH
527317,SEPS
527322,MBPC
527343,SASG
527353,CRES
527359,LERPE
527374,DIFJ
527378,FASHB
527404,IRUGI
527445,FSSH
527449,PLMB
527453,IMJ
527485,ACWCH
527487,FOLSL
527533,IOB
527547,BRNFD
527548,NEM
527588,MMBE
527592,PPPFA
527603,PQDM
527617,NSE
527678,BSTCD
527698,BHEVD
527725,DPCTO
527730,TKL
527734,FPCAA
527738,EFHG
527755,OOLPP
527787,AFCP
527793,TCR
527825,MEASC
527829,FPCBR
527842,FTS
527857,FPTF
527872,CBPSI
527921,RRI
527928,HMIA
527929,FMPSP
527936,EIMSF
527942,ECRR
527955,TTCSM
527964,CGA
528007,JTCB
528009,ESMCJ
528010,JTDN
528064,EAM
528065,PNMHT
528067,SBRAT
528068,PSLTF
528077,RIAS
524482,SLC
524911,GCG
524974,HUGM
525237,MES
525399,MCP
525500,CTIDT
525555,PIIC
525753,ADE
526794,PBPF
524338,CIFM
524603,HMM
524719,GRIWM
524907,TOO
525069,CFF
525089,KELS
525308,CISL
525393,OICS
525654,BEOH
527635,MTT
524809,ROJP
524859,ALEGC
524976,PDSP
525094,CPS
525112,PSE
525145,ASP
527751,FWNT
527772,ESPHD
528042,MAB
524454,CSCH
524569,KGRA
524988,ATSP
525132,RTC
526837,POSS
524409,VFA
524891,DPCUR
524945,STKB
524953,ACAD
525218,LRFC
525252,CIW
527381,GHESF
527997,CDAP
524505,GGRI
524529,DCKCS
524812,SESA
524881,SBS
525170,HLCEM
525180,PIE
524994,SSAF
525047,PMM
525217,ECT
525255,VFSL
525458,GIBTB
524526,SECCA
524800,LWHGP
525108,TASDC
525675,AHHBP
528096,NIGLO
524452,FSS
524594,PPME
524609,CPCN
524682,WSLCP
524926,FDDG
525035,RSEE
527970,SPJLB
528087,IBTC
524586,SHA
525078,RPWOR
525184,AOPB
524514,STCBG
524827,CSHG
524898,RTDP
525158,MDSCE
525640,FCS
527405,CWSLI
528052,FFA
524463,IAS
524464,RNL
524644,PTBP
525009,WCCQT
525097,NSHP
526921,ASSB
524388,JWID
524493,PIP
524615,QIFS
524673,ACICE
524786,HPT
524798,ICC
524888,OEIS
524912,SVE
524924,SOPM
524928,SBV
524943,HTNH
524960,MPH
525005,AMMD
525038,MCDIC
525125,PRCSC
525147,KGUL
525162,CFMTG
525168,SJRSB
525236,PNFP
525287,AUOT
525310,REH
525318,FCB
525330,EAIRD
525331,ATD
525333,SMCPI
525338,PILG
525349,CBR
525373,DMSA
525378,AOSTD
525403,SREMB
525416,WRE
525441,PFC
525442,LBACM
525457,GPB
525479,POCSC
525505,DSSES
525520,SWC
525525,CMFD
525529,TSLA
525558,WACPF
525561,UCLM
525562,SHGG
525576,TPD
525593,IRP
525616,TIS
525618,OPRM
525629,SSCES
525633,ACQS
525660,FWIR
525661,PLC
525679,BES
525686,RFMW
525709,ARPFD
525731,DSM
525737,BMTCP
525742,HLSAO
526718,RISG
526729,RLPS
526733,BTVF
526747,ECSAB
526765,CBCPL
526770,IMG
526780,SRPRC
526808,APSF
526868,VRD
526946,RJMBS
526954,CMS
527048,BSCOH
527094,RACC
527119,GMA
527124,LDPK
527141,AAJUI
527145,RSWUC
527146,RPAN
527175,HRCF
527177,CMEI
527201,FACSF
527208,OBAA
527215,BSEEB
527244,AED
527290,KIFLP
527379,AKHCE
527382,MACP
527389,ANMAF
527397,DDTSE
527400,RITTC
527408,AWSGT
527437,NAWH
527493,WPFS
527498,HFTDA
527545,DERPB
527559,GAATH
527583,GLSD
527593,DRAI
527605,ETCG
527637,CSFND
527644,AEH
527663,SCT
527670,EDTG
527672,PPE
527682,SWASE
527692,FCDBW
527712,SBPP
527733,PGAC
527736,AKSPP
527756,VLA
527763,IRW
527804,RJI
527812,TWMAC
527844,SKGFC
527847,BLCPE
527860,PPES
527866,DAA
527891,ZLPS
527906,MFN
527916,DBEC
527917,SEJS
527924,EATLU
527925,RWRMA
527939,PSDE
527968,NUFLB
527987,CMPSW
528031,RARTT
528032,WMSSA
528041,BHF
528048,TSE
528049,VIWCO
528061,SSL
528073,LFS
528080,ESR
528095,PPN
528101,GDMRP
524390,SGCM
524730,CPVDC
524739,CLD
525179,ARDCO
525409,VVM
527380,ZSCP
527770,RIBD
527875,SBC
528097,NSPAS
524520,WCA
524543,TIRSI
525243,OAAI
525258,PFH
525261,LSDHR
525309,WCNR
525327,CBIPA
525511,TVGM
525541,FGFC
525602,HIC
524797,LFWS
525671,SSCFC
527051,AIDR
527285,RPOBP
527700,LDIE
524664,TRVAE
524727,TTNH
525543,RRU
527272,ETESM
527402,AFCSC
524744,CASSM
524811,CUSGT
524861,LDC
525182,ATS
525599,ACI
524365,GCRM
524508,BRPT
524725,IASFV
524866,MSCR
525019,BEM
525194,STVMC
525413,CMISJ
527267,ISNC
527711,SUAS
524483,GPRT
524601,EECCD
524635,YCSCC
525151,BPT
525276,FRN
525313,ABWES
527919,BSI
528057,CACO
524353,PPVT
524438,YDSBS
524503,SSA
524506,RVTCE
524884,LPMJ
525077,PUMT
525197,SBRR
524450,IWML
524904,EPN
524941,BCBS
525177,OEHTC
525190,MINAS
526934,BCCI
527653,CMB
524723,DHNW
524952,RTSM
524970,AUW
525150,CRAM
525260,WDY
524373,BMC
524374,SDI
524559,CNWEI
524602,CRTE
524750,DSS
524753,PDCEL
525119,UCM
525166,LCR
524473,IBBK
524762,SJD
524892,COPFF
525567,FVE
525601,DTSUP
525723,TPBO
526825,SLJ
527138,AMZ
527639,OUGM
527903,DHKD
524382,HJRT
524501,SHPU
524563,QRD
524568,TVE
524647,FPCCB
524695,ABMES
524791,DTD
524796,BASAP
524806,DSCSA
524874,PWR
524913,PTSC
524946,OPMA
524949,SMFTR
524956,TAO
525032,BANI
525034,MRHD
525062,EJA
525104,OAEC
525124,FTNL
525205,REMU
525286,OEW
525293,TCI
525296,FARB
525297,PCB
525299,SDC
525321,APG
525340,MTGX
525365,IMH
525395,RHIE
525424,PWPR
525469,CTOS
525481,DKTC
525495,PQA
525496,DAC
525507,UTCTI
525509,DNCV
525517,ETCC
525589,FCSC
525608,BNS
525615,PEES
525623,FCCTR
525625,CTRM
525647,SCJC
525697,RKA
525702,CBPVF
525724,BRR
525736,SIUBM
525746,DUE
526800,SGU
526835,SCS
526869,STPMI
526928,SCJ
526945,PSTM
527040,IRCGR
527055,BIART
527095,BFQTG
527120,SNK
527153,CRMS
527163,KAC
527169,TPAC
527193,TCRPW
527236,ADPA
527264,CSEP
527266,IRSW
527284,DBSFE
527291,OBS
527301,NPC
527319,MAAW
527373,INEA
527385,MPCSR
527388,RPW
527398,SMEOB
527410,ACMN
527432,SOL
527433,RCFC
527472,ABHD
527475,PMN
527501,TCCRI
527586,NNDHE
527656,REI
527671,TIWLK
527676,ASQJ
527701,WAB
527713,BAASE
527720,PAO
527722,ICAPD
527726,GWB
527750,JWGL
527752,BWARD
527759,CGT
527776,SFCAE
527796,SCCCI
527805,RFM
527811,UMOFA
527853,CSPMQ
527865,EIL
527884,MIM
527898,CATHM
527946,ISAG
527972,NPADA
527983,PSD
527985,ATSS
527995,LCED
528002,COR
528021,CVA
528034,MCI
528050,CAPP
528059,HARIP
528060,ICB
528063,FQCOE
528069,SEL
528078,NBCM
524363,ASL
524512,MCT
524573,VCP
524721,DBEBA
524844,LETD
525131,CTH
525153,VTAA
527460,RRMD
524751,SDF
525288,SMBP
525295,RVCR
527886,QSSP
527954,MDPYO
528071,PICL
524364,EPEW
524584,MEDDS
524650,PCSIA
525199,PMRIF
525238,RDF
525247,RDPCA
526809,LTCH
527785,EBB
527994,LCG
524588,GWT
524712,BPSE
524740,LBSD
525291,CLIAM
527810,AMP
524421,VTG
524574,KCRSS
524634,SPRC
524692,RITG
524825,CRG
524836,RSRL
525344,TTCRS
524518,SHPFI
524581,ILAC
524597,SBPDB
524846,CTS
524870,STB
524880,SRD
525117,SDWS
525163,BGAN
525369,PWRKP
524392,EVGP
524746,LPMT
524935,PLEB
524965,HHEI
525185,CBMHC
525228,BPPEP
524556,UUSRS
524893,MARN
525756,FCPTF
527768,WPTCH
524481,LPPJ
524524,OPT
524553,GTS
524590,SMC
525103,SAC
527706,IDECT
527846,PHSS
524360,ASPTO
524564,MIMF
524808,CBA
524830,AIB
525471,FWIRA
526713,KBG
527530,OECD
527953,CLB
524397,ISCY
524448,APT
524457,CWE
524460,GBCAW
525175,IPBC
525419,DLIR
527329,ERRB
527461,WTR
527836,EWWOC
524410,POTB
524706,THS
525096,RRARC
525156,CPEE
524389,SMAA
524394,ISRME
524395,RCMJD
524472,EPCG
524522,FFSC
524618,IVI
524677,RRTCS
524897,GBM
524906,SGAC
524963,LSCA
525008,DPDJI
525033,OPNE
525066,FWCS
525189,SUAB
525265,HTAN
525301,IPVIC
525348,ESPWO
525394,FSF
525421,LRA
525503,LCC
525508,SCTMP
525512,WSR
525538,SOBRK
525556,CLOC
525643,PEHMD
525645,ATR
525721,UEOA
525743,PCCE
525757,EFCHR
526752,PIHSI
526790,CSV
526791,HDT
526802,CIGA
526814,HELEP
526832,AAI
526873,TMSE
526874,DTGTV
526875,BMMC
526926,AEV
526958,OMM
527002,SED
527015,SLT
527062,NFVB
527064,RRBFT
527068,PSGT
527070,AEPCF
527081,CIATR
527104,SMB
527112,DGMDR
527150,VPR
527179,RDLAC
527190,CRTF
527253,NMC
527325,BPCBV
527340,ICPAC
527357,AFIM
527375,JPEA
527403,CSU
527411,MNP
527462,CMW
527465,TFBA
527524,BLPDC
527567,BPD
527581,ETAAW
527582,MMS
527601,KAFVS
527651,IDAGN
527658,ETGI
527674,RFD
527683,IDBBW
527702,HWBF
527707,BGH
527761,FTPES
527764,MHN
527774,ADSEA
527781,COCB
527798,CBTCC
527807,PYW
527809,THSG
527827,SHS
527861,HTGLT
527888,RNFPC
527911,BAADS
527930,APRDO
527941,RBS
527944,ACPC
527951,NSHCA
527963,TLG
527965,IIW
527969,ECHR
527979,SNFAF
528014,SMPCH
528018,AUK
528025,LGWCS
528027,HEJB
528029,RTMB
528051,IHM
528053,PMLP
528055,WCSIS
528091,ITSOR
524667,CAP
524840,LSFSR
527127,GWTMT
524385,CSAF
524458,ERABA
524491,SPET
524496,RSUY
524671,HOV
524710,WCTAR
524783,SCH
524958,EODCE
524995,RBHG
525130,AWHEP
525674,FBS
524498,OBLR
524521,ISARV
524535,BIP
524715,OIRGP
524736,NIDTC
525013,FVWOM
526879,SBER
528099,BTSS
524611,USE
524651,ESVPC
524985,CLSJ
524720,CMV
524781,OMI
525091,FWSBA
525128,RMD
525213,IOHAC
525596,CVS
524400,SEDR
524484,BFP
524548,IBR
524571,DSSI
524742,DMS
525121,DSR
525350,MZM
524764,RPWR
524982,SEE
525149,GCAM
524343,CCHAM
524347,JLHS
524580,SBML
524666,MTS
524734,CPI
524969,SRPV
527949,PTM
524439,CCOP
524516,AHC
524565,ELCEB
524659,BPJI
524713,CMTPT
524729,VFCS
524967,IMCPS
525290,BWF
525514,TCM
527833,CCL
528030,PEDSV
524379,MCASM
524403,SCEM
524436,HEET
524593,LCAEP
524632,SSEFB
524649,SSTCS
524691,SRBS
524947,DLISC
527938,CUS
524462,ASW
524468,ALDBG
524536,BCM
525165,OCD
525212,DMRH
525708,DRSWD
524369,ATIMM
524455,EJG
524525,AWBPP
524583,SOCB
524641,CBHFS
524737,ISLCC
524768,MDYEM
524769,COPCA
524867,TFAB
524868,ACAMI
524908,LSB
524984,AFFA
525046,DFWP
525067,HET
525160,NRAT
525303,MAP
525385,IFEP
525444,ESLC
525446,OSMT
525450,PBP
525504,SWSSM
525522,CSAI
525526,BHEC
525554,CPP
525571,DIS
525583,LCCA
525620,AVW
525628,EDH
525698,NBIIC
525725,BCBL
525745,TRAI
526781,CHSO
526806,SEOMR
526916,BODFT
526922,IAHD
526964,FMATB
527017,PTGE
527022,CMCV
527053,CCI
527065,ERRR
527073,AIC
527132,CHAC
527139,SSFI
527149,CMFP
527180,UPCV
527337,IBRT
527459,HAIL
527488,TSO
527564,OBLD
527574,HIGAN
527641,AMH
527661,DDDHR
527675,HSBP
527679,FEEL
527684,AODMM
527697,WPR
527705,ABKAP
527728,BGBA
527743,KNNBC
527753,SWMRD
527771,CBI
527773,SMF
527803,TRE
527813,SCEHF
527817,HFP
527822,CET
527837,QSSAM
527855,JPHDO
527863,TAID
527864,WARAB
527882,BBVBA
527926,MCPS
527959,CRORA
527966,SWSAP
527975,DSRCD
527977,APDRB
527978,PAOBP
527998,ICCPA
527999,ASHCQ
528005,RDCS
528012,SSI
528013,TSIGP
528020,CPMP
528024,FPTRG
528033,PCRR
528039,TIUWF
528045,PFST
528092,TBDA
528094,KOAU
524357,TTC
524790,IFQL
524900,KTRS
525028,HPA
525167,PRC
525254,ERBPW
525449,CGCUS
524511,PDSCS
524585,SEB
524653,NCBMA
524680,SSDCF
524685,HGS
525024,CAATR
525141,ESTIT
525269,GTD
524474,PCMC
524478,EMAC
524499,TRSEC
524731,ETDTC
524979,TSRN
524444,UAE
524495,CPTTS
524617,DFD
524921,PPBD
525283,BDCLW
524476,FSSC
524754,AADC
525102,UCFE
524532,SFLUS
524620,AATT
524652,CPFE
524688,SRDO
524829,CRLL
524998,PASDH
527981,CLV
524528,PSDC
524545,LTRCH
524596,MAIL
524640,SHPDS
524756,LFLOG
524761,AHDA
524887,SENSS
524909,SPEJT
525198,FSAF
525262,PFBDH
527961,ASTC
524413,CSCA
524578,CSLRC
524905,CAF
525025,LHU
525148,CERDT
527642,SIFP
527989,PNEA
524513,CIVR
524606,DAISR
524775,CWRCT
525516,MDC
524639,IWIF
525140,CTLC
525564,PATH
527904,HCENC
527915,ACTEP
524386,HLP
524670,INCMS
524708,IMIS
524752,JGCCG
524766,IDPBU
527505,TID
527789,RAU
527957,GBTS
524344,SBTD
524362,NSS
524401,PTVR
524407,DPBIH
524422,PRI
524425,TEG
524451,AESBC
524696,ARD
524702,SHIGS
524738,UMCA
524765,MRLS
525592,PRW
526754,CEM
527279,GPCVI
524339,ERS
524346,SBPC
524354,TAR
524420,MCCC
524426,AGM
524492,LRC
524551,RSFMA
524554,IVR
524607,LTRSM
524610,HDAR
524623,KSSP
524660,BBS
524665,PLKT
524709,BCELC
524732,ETB
524782,TSIO
524784,LTP
524855,SAL
524862,CPPR
524968,NTT
525003,CTHN
525071,SCMC
525079,UMC
525087,ATP
525196,TMCA
525232,FSP
525251,UCRT
525277,OCI
525343,IPWFA
525354,MRBE
525374,BDET
525443,PHBS
525472,ACPB
525595,SBR
525730,MDM
525738,DDK
525749,TMCFA
526760,MBKD
526886,VST
526931,RIMHL
526978,IISCP
526979,PEPTD
527019,PIIRT
527260,SENLF
527346,EMDCP
527363,ACEGW
527566,LUW
527648,CREVH
527664,CIS
527688,ECFA
527708,MFEA
527731,TESCP
527766,WMSCP
527780,GCM
527784,SLGS
527788,AIRCA
527802,CKRR
527808,DPSL
527819,RCAS
527841,ADP
527845,SBPI
527908,PLFP
527913,BPDWP
527923,BTLS
527960,BKBSM
527973,ASB
527996,PAF
528004,WDECC
528011,OBP
528015,PST
528035,DDC
528062,SJIUS
528072,ULMFC
528084,SGO
524355,CCD
524627,SPDI
524773,SPR
527056,PSW
524433,PWSS
524459,ODDA
524582,JIBM
524646,SMPIM
524743,CMADR
525049,PETTT
525159,BPA
525570,IGS
528083,NEPN
524793,SCF
525186,MRK
524341,TOSE
524419,DUTS
524488,JBICT
524570,MSSC
524619,CSMDH
525208,ESN
525246,PEDJJ
525747,LMPD
527932,LKEA
524381,SSIB
524562,CAI
524633,ELV
524899,BDC
524376,EZPAW
524399,RRMW
524428,SMACT
524537,FISR
524654,SAJ
524687,PICSP
524398,WWDC
524443,MDJ
524465,SDROO
524477,MIE
524552,CMPCS
524561,SVDLC
524608,WCC
525627,SGSB
524405,NCBCE
524432,RST
524555,ADS
524566,ASPG
524626,ECL
524717,DERP
524724,WFAS
525513,LVCS
524711,EECJ
525183,FUDI
525468,NHE
527769,NBP
524589,MBP
525031,BIOM
524430,MICD
524689,MIDE
524925,BSRRC
525135,VBC
527643,VHAD
524429,RSP
524467,ISM
524716,IFERP
525036,VSMI
524396,BIB
524447,SFSWI
524449,PFAFB
524466,AACF
524517,RRLC
524557,WSOTC
524676,BVJAO
524705,CCCES
524735,LJBAF
524815,LSM
524966,CMEP
524978,FSTSR
525305,TAH
525430,HEFP
525492,CFDC
525685,PUHMF
525701,EFII
526771,DIU
527014,ICIPB
527096,LCS
527262,PEAS
527306,EIW
527647,WUR
527693,ISA
527695,RPP
527716,ILL
527834,FAE
527850,IGTD
527878,CSRUV
527958,BEC
528008,EAA
528036,FAIL
528047,ESS
528079,DAADS
524681,BDFSF
524700,ECF
524832,SSH
527691,PIZET
524375,CFAAC
524435,CLAM
524485,CFO
524549,BACSP
524558,IDRPR
524502,RCO
524616,GCABS
524703,EIG
524728,CCIA
525215,SIOW
524431,PKA
524479,MIF
524577,SWCBF
524694,STG
525392,SRTTF
525425,PBM
524442,MPB
524489,BSCP
524643,COSE
524690,NRAE
524845,ETCIO
525322,CMAMC
524453,DCMS
524684,VHC
525249,TOL
527748,CDHT
527868,KSRF
524342,ICD
524348,AMPPA
524591,BTE
524631,GAA
524661,VADLD
524662,KPDC
524714,FRAVO
525436,SFCBN
524340,SITG
524351,RPWFH
524445,OSOWS
524470,ACMP
524595,PCSC
524612,CNC
524642,PSAW
524663,RSC
524697,STMH
524366,BFLA
524779,PSG
524780,NJC
524437,BAAC
524757,SIP
528088,HCVWD
524486,NJH
524547,CLG
524544,LCPTT
524598,FSSAP
524964,SSM
524358,TFM
524414,BCET
524487,SGAF
524490,HLPN
524523,MTSB
524576,CPFDA
524628,MJE
524669,DUIAT
525076,CJG
525129,LMS
525337,GHFG
525406,FAFGC
525451,SDP
525553,DPWIH
525631,LSSC
525696,DMJR
525752,STDC
526746,IETPH
526773,TGM
527186,BFJ
527203,MEDMW
527662,MSH
527689,RSAGT
527717,PCIC
527744,NIRP
527762,ESC
527786,TTTA
527826,MBRE
527843,UKF
527851,QAOJ
527867,EBCMC
527871,NPDAD
527887,SDBPI
527918,PIRA
527931,CND
528028,BCA
528037,PPJAV
524361,DCAW
524774,VDBLC
524804,NSECA
524415,CCDTM
524648,LSFSE
524345,LEBI
524605,VWML
527885,HLLS
524567,BTPM
524860,MZCG
524370,WSC
524657,BISHP
524876,SCCC
524352,GAAHD
524755,FCSM
524440,RMMH
524475,IJD
524560,DOFFS
524402,GHA
524461,GYM
524510,IDPPC
524701,CWCS
525178,HFFIL
524587,CBS
525401,IFMP
524371,GCC
524494,CLGR
524679,AIEB
524636,CCC
525248,IPDST
524540,CSS
524592,RES
524693,TTESR
524771,CBFN
525364,ACTED
525456,RAC
525611,JRCC
526815,LBFM
527082,CCRET
527227,GSUS
527514,KMBY
527685,QWAL
527686,UAIDS
527754,HEHS
527831,CHRVH
527835,RDJFN
527848,WCBAT
528016,ADBCE
528058,HBARF
528093,RLE
524418,WGISC
524542,SSSEP
524672,BREP
524745,CNS
524546,EFM
524668,BSSN
524678,OIHP
524497,TGRV
524758,RSER
524944,IVRA
524704,AEWBB
524733,BNDDN
524748,EAASM
524372,EPA
524423,ISP
524531,UTDW
524539,ILOTP
524869,DCGT
524550,MJRO
524300,MSP
524356,VAGMH
524387,AVOEC
524625,EBPMV
524456,MNCB
524572,BTIA
524624,HDKEM
524722,TJLM
524763,DMSL
525266,DCDSS
525384,EVEA
525568,SMUA
525754,SEMQE
527775,STLC
527883,SNF
527927,TSSMS
528896,HJM
528901,BGS
528914,GQMSO
528922,TTCR
529007,BFEF
527667,MRPHS
527879,EFMP
529114,SBQC
524367,CSDCL
524656,WBD
524359,WSP
524515,CPM
524541,DTRP
524600,NASJ
524718,SPT
524613,SDVOM
524707,IEUE
524747,ADWIS
525048,FCCC
524471,KWR
524686,DTSSH
524575,CTRTT
524777,YACF
524350,AFF
524424,HISPG
524599,PCBA
524579,DSEL
524683,PPVRO
524772,WHOCT
527428,VPF
527838,FRE
528877,UHDSL
528924,TTPDN
528951,CDPB
528974,RETDG
528986,SSASD
528996,KPU
529002,VBCW
529276,FDFAR
529212,HBBA
524622,CCWP
524767,AEB
528946,SGA
529075,DPE
524655,IPAA
529178,ECAOS
529053,ARPMA
524411,EACIC
528394,STBM
528865,SSC
528873,SESS
528891,IEJ
528900,SWRT
528913,RAPCP
528919,ILCEE
528935,BAP
528939,CDU
528947,FAWG
528969,ESO
528975,FSC
528981,ETSG
528984,CRBDO
528985,UTVT
529011,VLTBO
529019,TDCC
529197,AATA
529237,PCTSC
524629,NIS
529170,KGFAN
528910,OEP
529046,SMAHS
524645,LVIW
529131,UORCB
529236,GBD
529127,RGD
529152,MAVT
525499,IAV
529163,PUCIO
524446,RSG
529144,VTEAO
529185,WRDS
524417,PPPS
524434,IFRC
526584,CWPSP
528172,ZDS
528336,SFFRF
528490,ASCV
528688,RCLMG
528841,FCRC
528853,OGC
528860,BGT
528895,GHHMD
528897,RWG
528917,ATB
528921,BZW
528925,PSPS
528926,IDPC
528933,SCC
528944,NGTS
528956,NPMR
528957,LAIH
528966,CTVSC
528972,FTN
528973,JTR
528993,ABIV
529001,ICDCD
529100,SJH
529105,MRUSR
529109,CORDT
529149,APVR
529158,ASNL
529062,VLLP
529139,BTP
529143,MPCSP
528862,ABC
529120,DSIL
529255,BSRW
529239,DVWT
529235,PWFSW
526500,LRQ
529159,RDRRC
528894,WGRV
526371,NMSCE
529277,ILVB
524519,CBORS
529135,PTD
529261,SIC
524384,EJEHS
526290,HPDJ
526320,CPODM
526339,IRJTC
526429,KRI
526535,AAW
526680,LHNG
528188,CVSEC
528210,MOT
528214,NFS
528216,IRBVR
528237,VVZMS
528287,AWMS
528305,CGO
528340,TPOE
528362,DTEF
528460,JSJ
528534,PHB
528582,LST
528660,MRCRD
528681,HODTR
528703,IOIS
528707,BTB
528751,BLBDR
528834,CGSRI
528848,AADQS
528849,GAS
528852,IJARB
528854,FTPJB
528858,CICD
528859,FGSD
528861,SVAGE
528870,BRINM
528872,HAH
528874,SCQSL
528875,BEPS
528879,CTD
528881,CFN
528882,TESDC
528883,IDE
528884,GCDQP
528889,ESDCF
528918,MLSSF
528928,APATD
528931,IHSAN
528937,MEVCW
528942,VTEP
528948,ISRPR
528950,RCMRR
528952,EFFS
528954,BCCW
528959,AIPIU
528962,WDBPP
528965,LTV
528978,GVL
528983,TPCH
528991,VRSRM
528995,GPCFU
529004,PEH
529005,CDOE
529009,ESPSS
529013,GGRHE
529015,TONP
529028,IIS
529030,LGI
529073,TSGP
529077,PTCP
529094,CSL
529096,LEIO
529113,SWR
529125,CSVRS
529146,PSAC
529167,FAI
529172,MAGA
529182,ACFWA
529242,MHFS
529251,AMMHP
529252,TLCTL
529264,AMDT
529285,TRSD
529287,SHSP
529339,ERPHS
529042,NMR
529104,RHSO
529106,MIPS
529171,TWV
526316,JSMS
526405,GCSE
528847,CLC
529254,JMCD
528955,AQGRM
528971,CWCA
529164,VAOHH
529241,RPDFG
528970,PACIM
529184,SCADT
529272,CPDGE
529280,EEEHA
526372,AFRS
529029,ILWER
529110,SPDSK
529157,SFN
529054,SSEL
529231,MDAJE
526442,DMCNJ
529032,OAMNC
529045,SOCG
529148,AAHIB
526264,SHCC
529118,CPF
529154,WCF
529181,SECD
529265,CBB
529282,BPTD
526292,CSROE
526415,RSCCH
526647,DPRR
526587,PNICC
529126,ECSMW
526625,ISD
529196,SBMC
526243,TOA
526268,TSSTD
526297,BFES
526326,CCISN
526354,TTSC
526373,ELSV
526381,DMTM
526390,DRW
526393,VCWTS
526406,TPBWI
526430,RCPP
526431,DLRCL
526433,SFRA
526443,STPOS
526452,VRL
526477,RECB
526482,PBMS
526494,JAV
526520,CEBC
526525,RTTC
526526,CABRM
526528,MSHM
526541,BSIIE
526542,FSD
526554,EVL
526561,PQTPL
526600,SDVVT
526617,RSEAA
526619,MLLD
526632,PRNC
526639,APDR
526652,SELE
526664,NDFSC
526675,GEVM
526701,VFPT
526704,CIA
528103,CJL
528109,TDEN
528110,FBRBP
528114,UDCVU
528115,CCCB
528128,TSCS
528138,AACAC
528139,IASDJ
528142,WBDR
528160,PPSRL
528161,BTL
528162,MANVN
528166,DASAT
528179,ARVI
528186,VOF
528192,BKS
528198,AAF
528209,CEL
528231,STC
528236,TSCA
528242,IRH
528245,CJER
528246,MABGW
528260,TOSFR
528266,NLO
528274,DWG
528281,SSTP
528282,QPA
528292,MCM
528294,PPTFS
528302,RHM
528308,MESCP
528316,SJB
528318,CJRAA
528327,FCR
528329,TAMQ
528350,PNC
528356,KTIB
528358,ELA
528364,FRTRF
528377,NPUTF
528382,PLPB
528390,CFS
528393,PJI
528399,JRDS
528408,RCBM
528417,SECS
528420,CRD
528424,TFAS
528435,IBUDT
528461,SRGE
528482,VBBAL
528485,SSOC
528497,DTPEA
528499,EID
528505,CAGW
528516,FOCC
528527,ESPTS
528529,NSP
528536,OSSS
528549,CAB
528559,VPVMS
528579,AAT
528590,JPPE
528600,PREWM
528601,MVRS
528604,HDHSM
528605,IYV
528612,SILE
528624,CFFMC
528632,SLARR
528639,ERICD
528646,ECPR
528650,SLPWF
528666,AKPED
528679,WPIIW
528683,AEG
528693,PPOS
528704,WCAMB
528710,PWIT
528711,PCT
528727,KTAP
528737,OCSSC
528742,BSAE
528744,VHSBR
528763,GMCI
528764,FADP
528765,SPFST
528774,AOMR
528777,OGCL
528788,ELR
528800,CLBPY
528827,CPOE
528833,DJPT
528842,PIS
528843,CCCCA
528844,CDI
528851,SCPIE
528855,BISRE
528857,LMDDE
528866,FENCC
528867,LGCV
528868,MLS
528871,AALC
528876,WOBKC
528878,VLDTI
528880,TSATF
528887,BDCG
528888,DABE
528890,AMHH
528892,SCSK
528903,ESIDP
528904,VFOF
528906,CBDEC
528908,VNB
528909,CICW
528912,GCCE
528915,RHG
528930,CSKS
528932,CVHP
528934,FSCF
528945,RMS
528960,CPERH
528964,QQTM
528977,SRA
528979,BITN
528999,COSAF
529000,HFWS
529003,PLSG
529006,FEV
529010,JHCB
529012,DCCT
529016,HSMR
529017,DWR
529020,SAH
529022,GCAS
529035,ANIZC
529038,ECMWT
529040,IQRSF
529048,TCL
529050,ALA
529058,LPR
529061,HTC
529068,BEW
529071,DHM
529074,POS
529081,TITC
529082,RDPF
529086,KKPS
529087,EABIA
529089,VUFTH
529092,HIEC
529098,WCNL
529099,MIELP
529101,OIW
529112,CIMWR
529119,DHEDC
529122,ACSOI
529133,BCR
529138,DGH
529141,BCLDD
529145,SCDC
529160,FTNC
529190,PDCC
529192,CLJL
529194,DSB
529198,JMR
529200,VPCIC
529201,SCIHE
529207,OCCAP
529208,FMHVH
529215,CMPD
529217,WMOHC
529222,EMSCA
529229,BRI
529240,VRFRP
529249,PACCC
529250,FIA
529256,ACBM
529259,CVPE
529263,NSCRF
529267,DRML
529268,ICTCR
529291,AFNIE
529292,DDOG
529293,PIBRP
529297,HIS
529298,IVCLD
529343,VSSEM
526244,BFM
526514,TBAF
526517,CPMA
526610,BMBIU
526673,MTC
529055,AFAF
529275,EEMD
529295,HIFFC
526284,OCG
526410,PCN
528850,PBSP
529179,VPRPM
529238,BPDC
529245,SUS
529290,RGFA
526347,EFBCH
526464,SQEN
526471,TLC
526530,RINCD
529193,MTYA
526559,DJS
529069,ROE
526302,PTRE
526370,THPAW
526596,RRYEC
529043,BUW
529187,CQS
529220,AAPC
529294,RINTC
529296,GFA
526267,ISSIR
526487,ETUK
526499,STWND
526591,IDFDM
526696,CSCR
529067,TCSH
526275,TPO
526289,IAIT
526325,SEPP
526361,IMFIT
526428,DCE
526446,MHPMA
526594,TPOC
529107,TCTI
526419,RFO
526495,NVAP
526695,PZC
529224,SLF
526263,RDA
526427,TAT
526485,TAVH
526508,DPTCC
529041,GTAD
529203,CSC
529204,SKWDT
526313,MDEBC
526441,RMTD
526583,FSI
526644,RIS
529124,PBCVF
526301,CLLEW
526314,DJAV
526692,CNFP
529066,ACDEK
529083,WSMC
529189,BRCL
529288,RCCYS
526249,MSPC
529051,ARSCH
529076,ESAC
529091,ESRB
529108,CTIB
526250,SCSPP
526251,AHM
526253,EJT
526259,ESCHC
526260,PRCLD
526261,RDSO
526262,WHSBS
526269,DRD
526270,RHPG
526271,TFGC
526277,FGAOG
526278,KSS
526294,CWIH
526296,SHC
526303,MPEVS
526307,SRMTM
526311,BPW
526312,ESDT
526322,CCCD
526323,RRA
526324,ICBRT
526327,COD
526328,SCKCR
526331,ICEH
526344,CJC
526345,PBBH
526352,CSP
526355,TUBCF
526359,PNL
526360,PVGH
526362,PVR
526363,AWSH
526365,BATLC
526368,TIAF
526374,KRD
526377,WESM
526380,UOPR
526385,DIED
526391,RGPA
526398,NBT
526402,MSD
526408,BAF
526411,RBP
526413,LHDRL
526416,BMWSS
526417,PSP
526418,ESAME
526420,FFRBR
526425,SCB
526426,JAVT
526432,ACRAM
526437,BDIS
526440,BBSA
526445,DBCWS
526449,DDLS
526456,SDDC
526457,AOPA
526458,OCT
526462,JHD
526467,DWW
526478,EWCIC
526479,BMPM
526481,IWCF
526484,VSR
526492,SGC
526503,EAZ
526504,PRLM
526505,TDCF
526507,CRCFJ
526515,TCAWJ
526529,RBCSN
526540,SSPP
526548,HFCN
526552,CESJ
526557,PGF
526567,NDC
526572,TRDSL
526581,WCLC
526586,HWCCE
526588,CGBIV
526590,ASCNE
526593,TPRAI
526601,KSLRC
526605,PRSRD
526606,CTTNE
526607,BRS
526608,AWVTP
526611,PWBLS
526613,RAFC
526621,BCBA
526624,ICDLH
526626,CAGPU
526627,HSB
526633,OMSO
526635,VRR
526638,NEC
526641,STCPB
526660,OIL
526662,RMLIO
526663,RCETI
526665,SMD
526669,ABKPT
526671,GWVS
526672,BLSPC
526674,CSPB
526676,PCBAF
526678,PLD
526679,ICPM
526681,AMG
526682,WCI
526686,CHA
526691,DHD
526698,CUSC
526700,DESS
526705,TSFB
528104,EBER
528106,NAHS
528107,EAI
528112,SLG
528116,HOMMH
528118,HRSA
528120,EOHGA
528122,VIA
528123,AAOA
528124,RPDWD
528127,RMIR
528129,DRT
528131,DYCSP
528133,CPUR
528135,JCPPT
528136,AGLRQ
528143,GBS
528147,GBI
528148,PSPT
528150,SACSP
528151,FFUES
528156,ISS
528158,SPRG
528159,AEAEP
528163,LBMED
528164,DCMP
528167,FGSRI
528169,CLSF
528170,OBW
528173,RDPRD
528177,AMSPS
528180,ECRTA
528184,OMTC
528191,BRTP
528197,SPRV
528206,ODI
528213,RLSA
528215,BKL
528219,SVC
528222,CUC
528229,GWI
528234,FPS
528238,AAHBL
528241,RSCDN
528243,BAA
528247,PTASO
528249,PTFV
528251,HBWSK
528255,GAFRT
528257,GSCMI
528261,API
528264,RED
528270,AECST
528273,TCCT
528280,RIFNC
528295,BACKA
528299,PAL
528300,WMP
528304,AAPCJ
528310,CHB
528313,NSEE
528314,GHPPS
528321,AAARE
528322,ANP
528323,MBS
528325,GWBB
528328,CMTDH
528333,JGFC
528337,PHTID
528338,IMCD
528344,WSDS
528345,AFNAM
528351,ADDM
528353,FABS
528355,ATLCD
528365,PRBEP
528368,TGPCV
528369,IDSS
528371,LHCA
528374,ASWOR
528378,PPCJ
528380,WFI
528381,CRV
528384,PJB
528388,SDOHM
528392,SEF
528397,FMVSG
528401,RLWTA
528409,MJU
528410,SAPA
528411,QROCV
528418,CIFML
528419,IRLI
528421,DPOV
528428,PRCLI
528431,LOWM
528432,PAES
528436,NPAPR
528439,PRBR
528443,SSAC
528446,TMVG
528448,SBRF
528454,PCHA
528456,DTH
528457,RIGR
528462,SLCSD
528464,FAEP
528467,MPAI
528468,FMF
528469,PDCO
528471,HCSST
528474,SSHS
528475,RPCJS
528478,MTSSV
528480,ARECP
528481,OPA
528492,MSRC
528493,CPBM
528494,POSB
528502,LDSA
528508,CPCH
528509,TMSMW
528510,RFMAM
528512,FSLLB
528515,PANAT
528520,PIKS
528523,CVJPS
528526,CEP
528530,ESCC
528537,VOWVI
528539,RHCC
528540,FRM
528544,MTSS
528548,BGVG
528550,RVWB
528552,ERDCU
528554,POCM
528555,SIMC
528557,BBREA
528558,LOAS
528560,SUMC
528561,MOTAV
528564,AWCDH
528567,CQMSO
528569,WMUJ
528571,UBCHT
528574,THC
528576,IFY
528578,GPEM
528583,ECLD
528593,BCCNS
528594,LMGB
528595,EAD
528598,ARBAR
528599,CBSC
528607,TCDDP
528609,PDNGL
528611,EOUKB
528617,TOG
528619,FTMP
528630,WRPC
528631,PMNE
528635,IDA
528636,MEL
528637,OBERC
528642,TMAOB
528647,OOR
528651,GACIB
528657,CEFV
528659,RDG
528662,ZCSAS
528664,PCSCU
528665,PRERM
528667,UPCC
528669,STWE
528670,BRMB
528671,DRSFE
528674,BMKMW
528675,CECWA
528677,ARP
528678,PCI
528694,APRM
528702,ABS
528706,TDVDS
528708,LMGCP
528709,GNIPC
528713,UDIAL
528716,CSN
528717,DWM
528718,LGMB
528721,LSGS
528722,CTMFT
528724,CMTMT
528726,EMHA
528729,DCVTC
528730,SLPSM
528731,ANA
528734,SDFW
528739,DGLRA
528748,NDAB
528749,CLPFE
528750,SMLS
528752,RDT
528755,LRS
528756,EAPC
528757,HNEVI
528760,EMTI
528761,ANMGC
528762,FCE
528768,EPM
528771,MNDIP
528776,LJC
528778,TALC
528780,SFS
528781,GFC
528782,AWT
528783,ICEIB
528784,TAMWR
528786,AUCTS
528792,CHST
528793,TIWS
528795,MRSP
528799,HDA
528802,TMRC
528804,UCEP
528807,CTM
528810,RSCR
528812,WCM
528814,CRSW
528816,PEACB
528817,FDC
528822,BSSRM
528823,RMRG
528826,EML
528836,RAEWD
528837,OAL
528838,TBSCC
528845,PCWOH
528846,WFSC
528863,BLF
528869,MAD
528885,GLRAT
528886,PPS
528893,ACS
528898,CSCS
528899,RTP
528905,IOP
528911,BOCDC
528916,ARWBA
528920,TSTT
528923,HBNPA
528927,SRH
528936,PETDC
528938,DAI
528940,MSPE
528941,OEJ
528943,PWP
528949,RPVFC
528953,LSC
528958,PDAIA
528961,MFPES
528963,BLAT
528968,MSAT
528976,LPHSC
528980,ECS
528982,SIL
528988,VVEOT
528989,ACN
528990,TTRFP
528992,FRMHT
528994,AAAC
528997,BMPSR
528998,SAP
529008,CRRL
529014,PTGMF
529018,VIM
529021,ALDGL
529024,LFTS
529025,CPPN
529026,BOTHF
529036,CKAC
529037,CTHR
529039,BVSO
529047,IFTV
529052,IPGOS
529057,LSDEP
529059,FLNF
529060,QMB
529064,IPGU
529070,HAM
529079,DSD
529084,LTDBD
529090,MFSTI
529093,MAEET
529095,MER
529097,CFIPM
529115,IARSO
529117,PSTD
529121,WBSNM
529123,ALCC
529128,TTCA
529134,TBCPD
529140,TMG
529142,TIUUV
529147,MIS
529153,HRFDB
529161,CEF
529166,BSWE
529168,RMAD
529169,TSNA
529175,IORC
529176,FVMMC
529183,HAPR
529186,LMT
529195,AEBH
529206,MRCB
529209,SISJ
529210,DAWSG
529214,PEL
529221,TBA
529225,SOI
529226,IPRPW
529232,TRGS
529233,RRSB
529243,EHEDT
529253,MADW
529258,NOC
529266,GMTR
529269,CCOO
529270,SAD
529273,TES
529279,POA
529281,AFD
529284,HMCPU
529286,CPCE
529289,IARWP
529300,ABRAS
529320,CGGW
529332,GEE
529333,CPSL
529334,RLAG
529336,MWCA
529342,HRBH
526288,TCEU
526465,ECIRP
526636,CSPFA
529072,TCCSC
529116,SAAE
529129,IDSBF
529173,SSTAO
526285,BIRMM
526358,MPRSC
526376,TRDNR
526394,SDWH
529155,VSRA
529180,WCOE
526295,PBAG
526450,RDP
526461,DSICM
526470,BTLBT
526502,PPCMC
526506,ISMFI
526549,UBS
526637,SSPO
526273,CELAC
526305,HAPBW
526395,BEJ
526401,PFV
526642,ECIR
526649,SAGR
529102,PMP
529132,SDEC
526299,FBB
526379,VCRT
526518,HRSM
526543,ETF
526252,SMAD
526348,PAAT
526357,CPGP
526383,CMRS
526455,PQS
526476,EMEC
526531,WIRE
526629,FAEL
526630,BOH
526702,BMTL
529246,WLIA
526335,APAUF
526382,YEIMS
526387,PBEKP
526435,RRSC
526539,DAAHD
526667,PAREA
526280,CBU
526346,KTBPM
526460,BMS
526474,CCM
526509,SSTKC
526604,FIT
526266,SRS
526421,UAM
526534,PPH
526592,AWMP
526685,EBACB
526247,SPEG
526272,CRNS
526350,RAALC
526399,CPWUA
526409,ASSOS
529213,CESO
526375,FSAB
526612,ICA
529034,HACA
529151,ASBSP
524289,TEST
526245,MCRCI
526246,SPTP
526248,MEDS
526254,PWRT
526255,LRJ
526256,SABSF
526257,LOAH
526258,CLE
526265,ZMSR
526274,MMAR
526276,BSFW
526279,MVG
526281,TCP
526282,CPPCB
526283,ELM
526286,SKFS
526287,CSLC
526291,DOSOK
526293,RSRR
526298,CBSD
526300,DSBL
526304,TBPF
526306,DDBAO
526308,GLA
526309,RSGAM
526310,ARPC
526315,POMDS
526317,WIR
526318,KLC
526319,SWASB
526321,CBPL
526329,ASU
526330,RSBOP
526332,RGFJ
526333,IJB
526334,LISA
526336,MLSS
526337,SHAWF
526338,MFIR
526340,AIAR
526341,PTIP
526342,ICPEO
526343,SFSAR
526349,SGBP
526351,DAFRS
526353,PAK
526356,PARKW
526364,RNC
526366,RRDGM
526367,DSA
526369,WPECC
526378,WWPJ
526384,NCP
526386,PTR
526388,MEPF
526389,AWGPM
526392,EACBT
526396,DHMS
526397,BGTBO
526400,CSLSA
526403,MCSA
526404,BBQRA
526407,PCPC
526412,SCMPS
526414,MHC
526422,DIB
526423,CBDO
526424,CDS
526434,BMI
526436,VCHSE
526438,LHGHC
526439,PSHD
526444,TVCVN
526447,SPGUP
526448,PRWRB
526451,BAMH
526453,CCE
526454,BMHP
526459,SDRRT
526463,MSC
526466,AECR
526468,MLSA
526469,SBDMI
526472,DDAS
526473,PAHBS
526475,IECA
526480,FIH
526483,DTME
526486,RWA
526488,ICEC
526489,EWSEV
526490,BASDE
526491,GVPE
526493,BPS
526496,SARR
526497,MDRR
526498,DCCDP
526501,LDCS
526510,JGJV
526511,TLFC
526512,ABT
526513,CSCC
526516,RLCN
526519,IBDRM
526521,PAB
526522,EPSM
526523,FLCEC
526524,SSBOP
526527,WPC
526532,AFH
526533,SDDPM
526536,LFMAT
526537,PVED
526538,POH
526544,LOPC
526545,HFAR
526546,SACS
526547,DPP
526550,UMB
526551,KLBT
526553,CESBS
526555,FGC
526556,GRIID
526558,TUND
526560,SDL
526562,ERTBS
526563,BMEAM
526564,FWTAV
526565,IBCCU
526566,DOSTP
526568,EGBLS
526569,MRFUC
526570,ESA
526571,ASRGC
526573,DBFAA
526574,DISH
526575,CBHE
526576,MEAI
526577,IPINE
526578,BSFEG
526579,CABLA
526580,RIB
526582,VUCET
526585,TLSC
526589,VSC
526595,FCMR
526597,ABEUC
526598,NACDB
526599,EMBMI
526602,RCJ
526603,DPV
526609,VSM
526614,TSDSH
526615,DRSR
526616,PSI
526618,MSU
526620,SPB
526622,IRASL
526623,AGDCT
526628,WVME
526631,DRN
526634,MRC
526640,SHTCS
526643,DUJT
526645,EIBCW
526646,IMPP
526648,LDERS
526650,ENE
526651,FSPSC
526653,MSBC
526654,SAPSP
526655,NDCIS
526656,LPGRV
526657,CCR
526658,DHLS
526659,WRKCP
526661,DBC
526666,TSNE
526668,BADG
526670,GDBDT
526677,MBAGA
526683,DBSC
526684,CLRSD
526687,BSGI
526688,SDR
526689,DTFFS
526690,GDTI
526693,EHVT
526694,VRDAD
526697,CHPAL
526699,OBCEA
526703,FSEB
526706,EDMA
526707,EBTA
526708,PSSWW
526709,OTRA
526710,SMDL
526711,HNTCD
528102,FWLM
528105,SUOCA
528108,TBRD
528111,STP
528113,EPZR
528117,IGCTS
528119,BCCO
528121,HPD
528125,CSSM
528126,WRREB
528130,AGH
528132,SEW
528134,RAACS
528137,TPTE
528140,ARLVN
528141,AWCE
528144,CPPRM
528145,ONA
528146,VPB
528149,PCIM
528152,MHECC
528153,CEPR
528154,PHSCB
528155,RPPL
528157,RPCSS
528165,BHR
528168,AWMT
528171,NBNL
528174,UMA
528175,SRSCP
528176,WCCG
528178,HAPH
528181,LMD
528182,AVLMB
528183,MNPSN
528185,ABFR
528187,SRDPP
528189,WSFLD
528190,SSV
528193,IBP
528194,ISLBO
528195,EAMDO
528196,STBIH
528199,SNJM
528200,BCW
528201,SHFDM
528202,DPGRO
528203,LSDMS
528204,PWSR
528205,CMDA
528207,ECSC
528208,WRHTH
528211,HTER
528212,DEH
528217,ASHDP
528218,ANOFV
528220,MDS
528221,SABV
528223,DTES
528224,SPWTB
528225,VESIT
528226,FBRRR
528227,MTIC
528228,IQCTC
528230,DTMKB
528232,MECCA
528233,PWSB
528235,INRE
528239,RTPD
528240,KAD
528244,ORENA
528248,LRRTW
528250,EMASC
528252,MXS
528253,MSS
528254,ISSPP
528256,DSRN
528258,EMSNE
528259,PUTR
528262,BRRDM
528263,ILR
528265,LRGSG
528267,MVGC
528268,SICDW
528269,AWDLP
528271,PACFE
528272,LAM
528275,RAM
528276,DCLVI
528277,VTAM
528278,CRSRS
528279,PPC
528283,PCAE
528284,CBAVL
528285,SHCGR
528286,ACSOC
528288,SCFEP
528289,SPPR
528290,BDRI
528291,JBRFP
528293,CPGH
528296,WNE
528297,PCCM
528298,PKE
528301,BLTCL
528303,GHE
528306,CHGO
528307,NEVAR
528309,ISE
528311,SMST
528312,CMSOR
528315,HCSF
528317,ATEM
528319,PEHP
528320,NVS
528324,LAR
528326,DICPA
528330,SPA
528331,SAM
528332,WPRPA
528334,CARON
528335,RPFT
528339,SCSLT
528341,OFM
528342,HWCMC
528343,FAH
528346,UHPCW
528347,RRPM
528348,HFE
528349,GSD
528352,IAWPS
528354,SSDWV
528357,SHAS
528359,JCHCH
528360,CIOI
528361,JCWI
528363,DECIC
528366,HRHIC
528367,IMR
528370,LORDN
528372,CPGC
528373,ESARW
528375,OBCS
528376,MCITF
528379,TAPS
528383,CJESB
528385,CHDAC
528386,IVDW
528387,SJNMC
528389,SETEA
528391,BECWE
528395,LBSBC
528396,ECLLI
528398,ZASPO
528400,ACTEY
528402,OTR
528403,BNMCS
528404,DEDHS
528405,PTPS
528406,PLPTC
528407,CACW
528412,FVI
528413,SISO
528414,DVPD
528415,VLV
528416,CBL
528422,SELC
528423,PIVC
528425,CSICI
528426,ABRC
528427,SCPB
528429,HOTIS
528430,TPTWN
528433,ORI
528434,IESP
528437,CMPO
528438,ESMS
528440,BIOP
528441,PWAUE
528442,ASTIB
528444,MMQ
528445,OMLD
528447,SLTV
528449,SNEET
528450,SOFA
528451,SBT
528452,FCOGC
528453,RTPIT
528455,CJRIE
528458,LMBDW
528459,GCS
528463,CDT
528465,PEI
528466,TEAS
528470,NSPGD
528472,SRMM
528473,DNPFF
528476,FALP
528477,VWC
528479,ETRC
528483,JAC
528484,LITB
528486,CRPMC
528487,EIF
528488,CNE
528489,PSCW
528491,ATPW
528495,DCBCL
528496,ABSA
528498,CBGO
528500,RPA
528501,SOABI
528503,ACA
528504,TNLB
528506,GMMA
528507,CMWE
528511,RID
528513,RPCB
528514,CPA
528517,BBPR
528518,ISMS
528519,EACBW
528521,CSCK
528522,TGAS
528524,ARCEP
528525,RCFS
528528,ACSC
528531,MLCQS
528532,REAAA
528533,DMBR
528535,PFP
528538,DLAUA
528541,PSBI
528542,KDC
528543,QDTPP
528545,EPSS
528546,ARIR
528547,CSH
528551,ORACP
528553,MBLBL
528556,VIRPQ
528562,RDS
528563,HBD
528565,INV
528566,MPGGP
528568,BNIS
528570,RDRV
528572,THA
528573,NDMBA
528575,PSB
528577,SWSCR
528580,SBPBM
528581,RCR
528584,STD
528585,OEL
528586,HDAS
528587,RDFLF
528588,HFEF
528589,GLMDR
528591,HDDE
528592,SNO
528596,HCC
528597,AGT
528602,NAPS
528603,AMYD
528606,LFFAA
528608,JSI
528610,BPSS
528613,HRCPJ
528614,NPSMB
528615,PVE
528616,KSDAJ
528618,PFBPM
528620,CABYB
528621,FOAC
528622,STAWA
528623,DSDM
528625,ICAI
528626,RPPU
528627,BAMW
528628,ORC
528629,OIP
528633,MGDW
528634,LHEA
528638,PPM
528640,IOCSC
528641,SSLA
528643,ALO
528644,TAEDD
528645,TAD
528648,DPPP
528649,CER
528652,DEGJ
528653,GDP
528654,TRVP
528655,SQIS
528656,IRSE
528658,FTD
528661,PSSJG
528663,HABPB
528668,OAG
528672,TRM
528673,MCNCM
528676,MAASS
528680,CSMLI
528682,MCL
528684,PGMNB
528685,JPC
528686,TOF
528687,PFCRV
528689,BKWBN
528690,SAG
528691,CRSFE
528692,KTBOS
528695,OESP
528696,AAC
528697,RMBMH
528698,DSRP
528699,EMNP
528700,ILVRU
528701,LPF
528705,CCRP
528712,TCRR
528714,TGE
528715,LEGSS
528719,ASPA
528720,PSDF
528723,KCRV
528725,ECLA
528728,REAM
528732,GVMTT
528733,IBTE
528735,SDEAS
528736,EAY
528738,LCCAS
528740,SCA
528741,ECAE
528743,FANGF
528745,WASFP
528746,TBPVP
528747,RME
528753,RSSSP
528754,PEWGW
528758,STL
528759,PSGAT
528766,REOLV
528767,ECAWS
528769,AHL
528770,NBED
528773,QBMR
528775,RRRM
528779,KISER
528785,MJHP
528787,SRBPH
528789,PFBC
528790,MSM
528791,WBEIG
528794,GTN
528796,DMOTP
528797,MDSR
528798,GLS
528801,DMHA
528803,BHXP
528805,IKB
528806,DCCOL
528808,PCGPT
528809,UCKVL
528811,WULMF
528813,INDP
528815,VNIBE
528818,CBSOS
528819,BIPBD
528820,SNDT
528821,JPWSA
528824,ASEMF
528825,BTLBJ
528828,GARJY
528829,PBV
528830,IRRS
528831,RASF
528832,IBDP
528835,DRRIT
528839,WDTR
528840,ERLIH
528856,ICRR
528864,ACF
528902,CTKIC
528907,RMDAC
528929,BODT
528967,ATN
528987,BOC
529023,ACU
529027,ARED
529031,IRA
529033,LHCG
529044,MDFM
529049,BPEH
529056,TNLM
529063,DEMUA
529065,ADAB
529078,EMTTS
529080,BKG
529085,CSRC
529088,OEE
529103,HODV
529111,VNWSG
529130,SKC
529136,HIIP
529137,RFT
529150,SUX
529156,CAS
529162,RMGM
529165,CTCE
529174,CMRIP
529177,HSQAC
529188,RTFM
529191,NCL
529199,RLV
529202,NTD
529205,IRPIR
529211,DFF
529216,ASLC
529218,CUCTP
529219,RDCL
529223,TFBM
529227,TLBI
529228,PGB
529230,EDT
529234,AER
529244,ETRS
529247,PRSS
529248,TTST
529257,ETAG
529260,GCPWA
529262,ACCPT
529271,CTI
529274,NADT
529278,ERT
529283,ICGCM
529299,PGAGA
529301,GWCCA
529302,GAD
529303,VHCTS
529304,MAERD
529305,PPAGW
529306,PCCN
529307,PBAGS
529308,CTFCS
529309,FSHS
529310,ALAIM
529311,EGBT
529312,DTSH
529313,PJBPF
529314,SLM
529315,EIS
529316,EFRCS
529317,OMAGC
529318,RCP
529319,COA
529321,ECIH
529322,SSEC
529323,MPHM
529324,JGKW
529325,MFS
529326,RER
529327,ABFFT
529328,DSTER
529329,MAC
529330,IAC
529331,TCFL
529335,IRB
529337,LBTCS
529338,CSDT